"sample","HSC.like","Progenitor.like","GMP.like","Promono.like","Monocyte.like","cDC.like","HSC.Prog","GMP","Myeloid","Myeloid.like","Exhausted.T.cells","Cytotoxicity","Stroma","Cytolytic_score","Apoptosis","MHC2","Proliferation","SASP","Cellular_senescence","T.cell.senescence"
"BA2409R",-0.0166189433496154,0.329403467327854,0.236364486855646,0.356636140099518,0.414638665843113,0.254347516291041,0.242681290722597,0.349514684232852,0.460175566661052,0.44295206543508,0.125049077345897,0.245631938992935,-0.159470270472345,0.242379724122463,0.276662554670853,0.223991924176995,0.0523385073530912,-0.20355700745892,0.205368324641582,0.09054374848128
"BA3037R",0.0349362753354668,0.346991468343062,0.154170174946206,0.179637553486031,0.0975330825238175,0.0630589586689064,0.284757521821165,0.243924195922849,0.188202594193947,0.223381436352406,0.0236636939817152,-0.016092856341819,-0.123170526551898,-0.00226533587529437,0.291970393630145,0.0861771633671695,0.0488200379382789,-0.174162974594807,0.186900689732518,-0.0700106544047552
"BA2496R",-0.0711478460341523,0.307825403643037,0.288682290204884,0.399333965807663,0.428541748554102,0.200253488161196,0.205725617219612,0.406242982259151,0.4624571845696,0.448129223052015,0.0797184362555386,0.252158797801951,-0.213863810538515,0.253212964001346,0.279320399237412,0.195025517357411,0.294873233116446,-0.157836072009422,0.181779098674742,0.0493934466064787
"BA2865R",-0.0155822645716531,0.380117529919369,0.23541959023295,0.2579217409824,0.111739382709117,0.077819138140252,0.302767666725462,0.357278904774975,0.227212832462987,0.278984408632339,0.00996690784676657,-0.0557250196254346,-0.25346268154545,-0.0525513064932152,0.232858584725805,0.0280831136784252,-0.0178626063189671,-0.293043014973922,0.0611413297444813,-0.0162152563599319
"BA2286R",0.0435665760324679,0.368371859198376,0.288375900458415,0.287054928459409,0.268149063207741,0.175548108771036,0.292088257460353,0.39957248962414,0.384477885713216,0.398030958129785,0.100258006618431,0.313681731524055,-0.183723060244117,0.314063025681283,0.301076595267467,0.19646262127755,0.193821771676831,-0.226165105714766,0.163451653301931,0.0693377446307407
"BA2922R",-0.00326042493803996,0.386228304796861,0.218044251099261,0.20382582431412,0.172884496602841,0.0812306483164845,0.288635355365628,0.333133717593632,0.279347520916391,0.298805847230801,0.0522799932693926,0.33442861949086,-0.193564365689078,0.335224851407424,0.232656723113155,0.115998822275812,0.133105227731658,-0.201972688015254,0.145526084599712,0.0371969569524664
"BA2887R",-0.0335486898144806,0.38456638878585,0.205547759378801,0.19694088946543,0.176757070395119,0.128309488748494,0.263195591403022,0.286097179595944,0.275780036311228,0.271370280944092,0.0749845756912895,0.166748906582931,-0.169264846071889,0.141168554446563,0.225804642817091,0.0735516796590208,0.147240296163339,-0.152262912904492,0.154143068094731,-0.0132899680367857
"BA2068R",0.0155341402183241,0.368613459323324,0.221903358592946,0.277701407578075,0.153340071499429,0.0291964813943145,0.268548658659782,0.332769834734802,0.230181368970745,0.266135100230221,0.0156935330080206,0.219244140405966,-0.184797846688723,0.185454749355164,0.252820455310082,0.0412063260613538,0.0227833642686682,-0.293947338904156,0.14155404773921,-0.0135983850165424
"BA2236R",-0.0281166534324695,0.355808652701041,0.226634858265507,0.356924625839803,0.30650607370805,0.100304876732205,0.270510291893163,0.403862148697091,0.390341961929362,0.403994235124562,0.0428739693757362,0.129505439049008,-0.169498495298978,0.0905125042054503,0.217001233598744,0.011735180303965,0.084795112896975,-0.168351466547025,0.239406344043814,0.00296267219948043
"BA2449R",-0.0587838975913761,0.332619921516565,0.383974179062588,0.3117059381595,0.148372545716585,0.100112709386835,0.18419041204988,0.434203741131655,0.220205139723361,0.267933816235237,-0.00753267149026865,-0.107558595940339,-0.17490046542926,-0.0702141976000897,0.224963552764383,0.228408389882788,0.170227629673445,-0.211268296786495,0.004915979737939,-0.0857959961868446
"BA2360R",-0.0502719025963089,0.377777181234259,0.257914678641594,0.232829290015296,0.184994478447227,0.163504182338741,0.248095826050703,0.322762016451664,0.328466880041926,0.312310255114455,0.0366874193729317,0.130851183133341,-0.18854558029122,0.133935179993271,0.270315128406415,0.224777073635803,0.209670181736594,-0.195985923391846,0.110880577207051,0.0325052804725322
"BA2235R",0.0565601514312984,0.353819722379493,0.213282346337356,0.36903134620225,0.326550246130234,0.169403072086506,0.307671749808915,0.344233184453261,0.413072042225841,0.415877739719617,0.0916876998149083,0.228395200179433,-0.177339763360063,0.214511607042727,0.274834585622967,0.180275923952667,0.0662645073122973,-0.238117604172509,0.201592553131834,0.0835062337613787
"BA2858R",-0.0722206180771112,0.315612736963355,0.333424548601366,0.371255977850491,0.409614988676138,0.123932823478099,0.206524702147106,0.433694305129293,0.436711774945252,0.427873547082936,0.0581300129003309,0.188101379387686,-0.102459859062786,0.154379275541101,0.284041718066614,0.117968706185856,0.375614457339833,-0.0221243901071168,0.224518215293744,0.00497205555244018
"BA3038R",-0.025533979803813,0.316747525429023,0.314105622602676,0.337288234041317,0.37644636606959,0.193331145360562,0.214552966769826,0.420218163368848,0.427667658674453,0.445387163793588,0.0940770654551573,0.13705282045531,-0.173152769210639,0.122956151171919,0.227004597958955,0.151344568448208,0.241968711118363,-0.114526667040547,0.174115404026243,0.0468606889848409
"BA2667R",0.0583487732300264,0.359552234435095,0.205882215361587,0.28717690565161,0.363218971680985,0.20154467998739,0.311653811822181,0.331493125732964,0.428335860145619,0.424206861699141,0.12159964103427,0.383054839071437,-0.151423391091422,0.351575642032074,0.245048783223057,0.240655319387583,0.150666979419504,-0.19996074252706,0.153516888166134,0.111235724032225
"BA2239R",-0.0566443690496242,0.305165361863298,0.181478622883338,0.344401634107146,0.400769273962603,0.180727990361404,0.23107451533762,0.292179221664962,0.454601605929586,0.449460010855934,0.084227943238544,0.0446226309296849,-0.16109646909288,0.043119883368846,0.249287877088707,0.158642252257305,0.205335835356028,-0.195137681565812,0.197442942858745,0.0657021626572459
"BA2782R",0.00292154928334809,0.30834276956717,0.199763775844326,0.400090998857674,0.426067344226702,0.191476406600193,0.253459583406828,0.312874799344595,0.472571920564509,0.46682576225504,0.0821078018957877,0.0582819333856678,-0.175199536439933,0.0486150050465404,0.270718851631715,0.167608378666368,0.160013869908418,-0.0498640008973137,0.261378717359203,0.0606179554758033
"BA2649R",-0.110090473784259,0.370822026122098,0.313041444475629,0.289271815524018,0.141357366125742,0.107594280754332,0.161834741753925,0.35887167203134,0.307657177082748,0.329496322084339,0.0105053564417522,0.211461253784905,-0.192975569636816,0.200257934282831,0.289626556016598,-0.00676490381919131,0.276143757521366,-0.298307722505748,0.231228621095721,-0.0185517486308155
"BA2488R",-0.0680358045188768,0.366766072509322,0.310286275610441,0.298667931615327,0.166509442791098,0.116772970475323,0.201267845784627,0.374065340885462,0.332343197259813,0.375731371778314,0.0840260250154243,0.285690254569923,-0.17799398119591,0.27370191768532,0.244757205338118,0.0268352868599629,0.0847900136659392,-0.311395883573552,0.178582777248173,0.0402717807809492
"BA2861R",-0.0636484676403827,0.353473184826536,0.309282907662083,0.299002884857403,0.351271828850581,0.200311786119904,0.224398548284506,0.369039598772363,0.424452056076516,0.417270294046082,0.0442313085422626,0.0637770550633621,-0.217340511037589,0.0682740832118426,0.265066726477515,0.211667881778924,0.142574499765435,-0.265121137345073,0.166816202172003,0.0133180059440363
"BA2909R",-0.0350646069443442,0.282664824974132,0.38636214800262,0.337295978624949,0.36441125273738,0.13720964377788,0.17898166113454,0.414922108274904,0.418526213337825,0.424012203567485,0.0749509226541029,0.164685432320287,-0.193414830183742,0.166760121116968,0.288505102612986,0.157457517806068,0.192123727741856,-0.13165273961079,0.141451242079291,0.0148507448737359
"BA2106R",0.0738227580066892,0.390560024208821,0.19979418093367,0.191463532691824,0.0513466973627567,0.0872677258182226,0.319850445509891,0.332127321572639,0.19584479757426,0.241499616298875,0.0433955914521286,-0.00995850622406641,-0.166339557748743,-0.00723337445329147,0.240675114948974,0.163556446637878,0.0298254023293287,-0.298511020133475,0.0883194078393988,0.015392811080581
"BA2841R",-0.0764575663514522,0.371454091095449,0.267485265225933,0.271561888903948,0.26699234469463,0.147964537567637,0.231389873268872,0.36828688108724,0.319503247421716,0.312422557882718,0.0687026754164564,0.254424133677246,-0.171087310043178,0.261455646517887,0.354906358640798,0.214850541192306,0.23727741856528,-0.194752117099434,0.187386680124862,0.0299351389745603
"BA2446R",-0.0162780625135349,0.322133499931669,0.210957526429039,0.366636333714109,0.329196848035637,0.205105173835876,0.17969789779196,0.296152822483386,0.427154809366051,0.438211016901566,0.0708396432778058,0.243546035662218,-0.239892334436158,0.227172815969496,0.300695301110239,0.221117716336717,0.294985416199237,-0.202820929841288,0.151030860389914,0.0315519916260116
"BA2357R",0.0101241608315888,0.342854981355303,0.295114136027692,0.301304962341962,0.378776648511052,0.123814068377028,0.237606166049313,0.389820429007494,0.406811162895165,0.402586707095663,0.0821863256492231,0.223987888303241,-0.0684966074132227,0.187170573062689,0.289985421105753,0.216652178789748,0.347242335855753,0.0636952498457742,0.226443484924952,0.0631787510046916
"BA2546R",-0.0352811665343247,0.326172370707327,0.258721582935728,0.334058742666847,0.427094914556311,0.189645418860037,0.189800041691388,0.368006171453286,0.466307297808224,0.444745166301683,0.0826125974535868,0.355792306829651,-0.111983401558908,0.336021083323988,0.215644274980375,0.132802422746901,0.224814897913395,-0.162196455611015,0.130404306622554,0.0948615861978728
"BA2316R",-0.061721488325834,0.291252611233674,0.203784264196838,0.350124881411063,0.385862953188463,0.28510508746853,0.155899064081801,0.282474985652619,0.466473880247815,0.447962640612424,0.0126703685007572,-0.0353706403498934,-0.278304267369484,-0.037546259952899,0.273836492093753,0.227090460434075,0.240489934117935,-0.259442824294768,0.248256976765921,0.0196545729826726
"BA2329R",-0.10665760324679,0.31471466781203,0.278522312657873,0.386592189587407,0.391747618245456,0.208644075847804,0.150211931219901,0.415668587968161,0.449029516910925,0.44252157149007,0.0833024847159123,0.172367388135023,-0.127815473186415,0.153358752943815,0.25668946955254,0.209571813134429,0.245303608215881,-0.254353373338568,0.186881997794351,0.0829548215854502
"BA2072R",0.00960080848913591,0.327248589445735,0.281357002525961,0.27985633797363,0.383126509068449,0.239207320496267,0.22830310707738,0.360497708577655,0.446742283863964,0.444689014917551,0.113276123170116,0.24578894246944,-0.212321725639732,0.241056409106202,0.250768195581474,0.21528517749986,0.169274073469721,-0.240052436767427,0.226135067945195,0.0798332679115498
"BA2995R",0.0885849033903606,0.337290857265575,0.214276358873608,0.204635133303646,0.235940629269845,0.171344178193109,0.302516449390397,0.288498806464223,0.303005970763846,0.308508806408745,0.0661338269112121,4.485813614441e-05,-0.160217947999028,-0.0158573511270606,0.269911405181115,0.240248724132129,0.11760356538234,-0.27347036060793,0.178648199031758,-0.0507392661545075
"BA2069R",-0.0727279289684545,0.314302239315906,0.209411544578539,0.400116168754477,0.222217230988077,0.192739529038861,0.201128874492888,0.300752301818998,0.392443895408689,0.422864843618395,0.0322396096247686,0.115229337221038,-0.169386343669975,0.109465066726478,0.254558708085679,0.240017385452302,0.398566096232688,-0.210826650215916,0.164890932540795,0.0356642180227668
"BA2681R",0.0285517777938192,0.379536713457371,0.24093460566938,0.305289550620535,0.387601774383739,0.168530761889545,0.352554131990657,0.400474919114039,0.426305051752859,0.415516499148371,0.0210780189578775,0.218279690478861,-0.173292958746892,0.216081641807783,0.300437366827408,0.234563400818799,0.204448569155771,-0.147194492737368,0.186610964690929,0.00903755210377766
"BA2413R",0.0673259703072739,0.367786161925773,0.225505192253719,0.189424771050746,0.188210081045164,0.128395856094728,0.336815633201311,0.326893646397352,0.283530799034196,0.316092986692122,0.0294183633406249,0.0943815184479085,-0.149329894016711,0.0838398564539644,0.237557474486935,0.179890359486288,-0.00384482020111365,-0.137884863440076,0.121600403745864,-0.036823118189125
"BA2677R",0.0176897102111857,0.359095878643525,0.287370193657031,0.394911808553893,0.363576468826623,0.18949859437144,0.264037436727974,0.422927531169166,0.435307990341962,0.436320586969136,0.0580290537887711,0.218178759672536,-0.10635712817062,0.189435908937984,0.219446002018616,0.217149907464528,0.255476574132621,-0.187167012506309,0.170199442980243,0.0598422400418699
"BA2937R",-0.0112971919439833,0.350583744948361,0.304967723828235,0.391374469980058,0.391803769629588,0.188140467851915,0.275157812591868,0.438888473022765,0.442807943549142,0.430565070095645,0.0199001626563463,0.0713468655377368,-0.145927961270304,0.0440731187619154,0.247291690030279,0.213013852279738,0.276730169090501,-0.135368179014077,0.161339464289052,-0.0029252883231462
"BA2050R",0.0106695701693175,0.37879727065071,0.243671063710356,0.326379987995895,0.217833679600202,0.124137945925405,0.264296671637563,0.398123196180685,0.304276863758025,0.351434667864563,0.0034606539906894,-0.067814287316362,-0.238836239929718,-0.0592575978468095,0.281159582819334,0.120485390611856,0.243452587349828,-0.314038752734003,0.151227125740668,-0.0520850857025365
"BA2953R",0.0574384208795528,0.3913165498526,0.241369632332304,0.268218164920908,0.297656615568907,0.172613778182745,0.307532778517176,0.35330530395655,0.404143972148913,0.395485428715818,0.0201245162375904,-0.0272401031737131,-0.193601749565412,-0.0114612537849052,0.250218683413704,0.218348662441815,0.244033899687927,-0.174688744321687,0.146170956466476,-0.0288603525299538
"BA2481R",-0.0782221259735155,0.316115460455672,0.31335251192815,0.348246819880346,0.312860538678945,0.0494129179639762,0.207476120990545,0.396378637788923,0.322018829430812,0.355559922885432,-0.00212575018228728,-0.100549512167769,-0.0710480569730275,-0.0741056409106202,0.274060782774476,0.0403300431832202,0.312786831745773,-0.183430542313948,0.127890240939083,-0.0688984840838147
"BA2294R",-0.00155802593902643,0.33540198356143,0.352984376461783,0.298712462971209,0.274625189510921,0.110848170523688,0.22381059281946,0.397568014904642,0.381355868755498,0.382102682164449,0.0752818441864379,0.330481103510149,-0.217219013439504,0.290153639116295,0.26960861276214,0.172361336997364,0.190986599220837,-0.19180079636588,0.136320305052431,0.050748612123591
"BA2816R",0.023320259550679,0.330440639581422,0.234208064365235,0.282741195376484,0.262522694517753,0.209255124822407,0.229837136336182,0.320790811022116,0.383403522563498,0.406253392479458,0.120045992484155,0.364887293932937,-0.111366567599394,0.349949534596838,0.268846024447684,0.240928719645561,0.186815428233422,-0.106114351410465,0.199620553655209,0.0600478513617078
"BA2631R",0.020342565188447,0.373399094121552,0.234470015904201,0.315930608530659,0.303913751473974,0.121877280637737,0.305114143535964,0.337664579018722,0.376495030602504,0.380446216332566,0.0733916652644567,0.151362565885387,-0.167208732873512,0.135482785690255,0.252203655938096,0.140114127082048,0.127878515919799,-0.219014637429196,0.0939643731658535,0.0502345838239967
"BA2023R",-0.132616681505009,0.288338767302474,0.186060435962204,0.390630989951403,0.413760832537855,0.187954778057512,0.1231606347781,0.264850579301511,0.456873865274112,0.452437905927714,0.0736440630433564,0.180408209038914,-0.131843585861418,0.155848379499832,0.272872042166648,0.163184902697549,0.207671283170498,-0.172368347260389,0.258014168489131,0.0563561935737117
"BA2485R",-0.000910352350473653,0.379309755764237,0.176894470951445,0.267796085112974,0.0631478465944185,-0.00135812651952555,0.263281112197938,0.333221049479752,0.202738315832819,0.274744979130402,-0.0719838465421504,0.0103510149153303,-0.16696573767734,0.00829875518672196,0.235606145564652,-0.197808591778364,0.22843025271789,-0.278664965509506,0.194900839268024,-0.135105329071571
"BA2025R",0.000417077728851356,0.327397454169188,0.206471606324259,0.325828186412128,0.213700937728115,0.21264072479477,0.169932492022513,0.285367334547662,0.392258595841054,0.422608418964194,0.0654327219698244,0.268666591903106,-0.170171405072992,0.205158685656611,0.315274195357183,0.212207672031855,0.287555836579844,-0.282513599910269,0.143441933494084,0.00686928727639768
"BA2156R",-0.0382668816221116,0.371944612561254,0.237288333801104,0.20556835563128,0.141720478409793,0.103837301193165,0.271680857773573,0.325219785246733,0.263267636213899,0.257484043648343,0.0755735038420551,0.351867219917013,-0.274986448344829,0.339620948749579,0.27652798026242,0.155683921260726,0.153155404165052,-0.201159497504346,0.128731378156601,0.0864595599917756
"BA2655R",0.00353513478829293,0.336783252962652,0.251835999625784,0.315355573195996,0.341754169240272,0.13180736627096,0.261108349502109,0.375283828629887,0.398757182697887,0.389093529488835,0.0817544450053285,0.265986318268476,-0.161311426381802,0.259156667040484,0.335123920601099,0.120226010879928,0.356997164827544,-0.0764539285513993,0.169012504906634,0.0460475896745733
"BA2227R",0.0150188086014261,0.379187735499112,0.281649359154271,0.272218242366745,0.12243622138619,0.0747487789816427,0.300148592381166,0.369966980229725,0.227106144833137,0.285424972392236,0.0493073083179091,0.0161937871481439,-0.192227892110133,0.0145564651788719,0.258887518223618,0.202968145364814,0.0762131070634547,-0.240213672817004,0.14171292921363,0.005196358810445
"BA2125R",0.019971606631536,0.349102418929736,0.307617644307232,0.339361846308738,0.30707320268778,0.150704541626902,0.258505310306859,0.405802164167311,0.394336197053924,0.387790817376982,0.090335969487913,0.258562296736571,-0.140432531449186,0.214343389032186,0.220735673432769,0.205940496887443,0.377628653599037,-0.240865627278335,0.145376549094376,0.0419634011850689
"BA2523R",-0.0115217722595186,0.373186778860233,0.269566844419497,0.284379174814614,0.104357347408614,0.0528460199767672,0.280588383069021,0.401566567690529,0.234956108334737,0.28898871357179,-0.00425150036457456,-0.045239430301671,-0.131581898727079,-0.0469440394751598,0.243893686217338,0.0171891649374685,0.319171069002794,-0.228184061465986,0.129039795136358,-0.0286267033028655
"BA2603R",-0.0442423221604626,0.343135627965092,0.245892974085508,0.341090824604542,0.40258109195725,0.143922545763898,0.256589109995777,0.34202701466344,0.426658805472888,0.423800700020589,0.0431039317965113,0.0600874733654817,-0.226434138955868,0.0545138499495347,0.286049119659078,0.135010655599798,0.164297223978624,-0.226908193595424,0.181078150993476,-0.00457952485093177
"BA2594R",0.0493374880691707,0.355032603814842,0.230236691926279,0.325003388255339,0.402639115054186,0.184048814824091,0.297973157160496,0.355357603280352,0.43601549778202,0.431324985494226,0.06535980705592,0.335168778737243,-0.271145255051496,0.308579118537625,0.234854771784232,0.196245303123773,0.287662920431599,-0.185014861757613,0.149815884409054,0.0533374455597301
"BA2561R",-0.135818956182776,0.261425977626364,0.272565253999439,0.413179345195454,0.241733580399423,0.120622794933691,0.144083831759216,0.32440052898171,0.366513186216707,0.397813839444476,-0.076291435302036,-0.0131097902882135,-0.145301781341707,-0.00123359874397216,0.260076258831446,0.194689024732208,0.188834723723662,-0.193826762380125,0.228536981999664,-0.095459728219219
"BA2474R",0.0122596790105634,0.376984049510943,0.190455140798952,0.314443648473349,0.386460029573062,0.164832080287085,0.301650551341875,0.325117898046261,0.431167761618657,0.427617122428735,0.0674182511638342,0.107435236065941,-0.176442550328044,0.107233374453291,0.249747672984188,0.181523750771129,0.0622310155628532,-0.221152767651842,0.140582066954522,0.0404026243481187
"BA2110R",-0.0428146330117022,0.295523320513071,0.175926185798484,0.361873414780538,0.437131038613435,0.161688308884177,0.234596903078214,0.284290241285525,0.46841297471316,0.465257266924963,0.0411520556396882,0.141325557923068,-0.131264135778239,0.134383761354716,0.294190871369295,0.143514104649206,0.0880892161462051,-0.172101957265437,0.240266173199499,0.0543094263444176
"BA2992R",0.00369554929938964,0.326277308135335,0.269658059687529,0.306209219926814,0.374404327400004,0.200765214687631,0.185590815066626,0.341482230040505,0.45518370861175,0.451105246410991,0.0694430422345617,0.129875518672199,-0.1046655077665,0.119760008971627,0.246203880228776,0.185070943861814,0.297091398617089,-0.238923784420391,0.225817304996355,0.0364866633021178
"BA2220R",3.60932649967616e-05,0.33408172429277,0.203482552156422,0.225785591202153,0.290145432084901,0.125288790813969,0.243563223920166,0.307189909424358,0.377586239167462,0.345271117599715,-0.00788041954119695,0.282449254233487,-0.120394773734088,0.23820791746103,0.307278232589436,0.00552408726375408,0.387704734126094,-0.131007795412484,0.211359090824128,0.0212246957887063
"BA2676R",-0.0578434675200719,0.325159602506784,0.319859201047806,0.341683285252377,0.375523611657027,0.108939452171923,0.205511815232323,0.453998968652012,0.425575083759148,0.420092836955098,0.0234225138818779,0.130929684871594,-0.158077721078899,0.132163283615566,0.250510261298643,0.0484969996074253,0.337640483815041,-0.210483147327688,0.098730817398456,0.0220191031608067
"BA2811R",-0.0754028409409915,0.368991722145214,0.301510899055103,0.285300780266801,0.0880472420311827,0.131861345862356,0.142469626755181,0.331341334597566,0.264323282235574,0.314865143092444,-0.00913679959616354,0.199775709319278,-0.19642423222864,0.177918582482898,0.325535494000224,0.0408908642252257,0.220149101515491,-0.327253098536257,0.19891026000486,-0.00312155367390043
"BA2540R",-0.0356100162820729,0.321706429003729,0.170691832725232,0.335156537396658,0.122975274673854,0.0794946646571864,0.170325353174158,0.209340769019637,0.303782731577667,0.36372433413817,-0.0602838072802737,0.158562296736571,-0.265547019570459,0.155040933049232,0.29691600314007,-0.00947787560989288,-0.00323291247679852,-0.364863159665751,0.177414531112731,-0.0239911026374325
"BA2792R",-0.0557921669594231,0.346713262138576,0.245549162690617,0.346033805107553,0.311563441705505,0.137961039690114,0.254076936645126,0.376111402217398,0.344157448481105,0.374269564078088,0.093000168265186,0.310037007962319,-0.210022617245182,0.306807222159919,0.302074688796681,0.149213448488587,0.227257429579619,-0.135305086646851,0.12960055328137,0.0348511187124994
"BA2651R",0.0444448454807223,0.380007711680756,0.204974740387314,0.25115103874228,0.172051584404889,0.135182170325044,0.286502680542416,0.320216915770475,0.341209500814195,0.367937559660846,0.0632564922317572,0.0197039363014466,-0.295930765061029,0.0428170909498711,0.283940787260289,0.197205709158208,0.0361433495828829,-0.232074757444899,0.102478551000953,-0.0169909717938653
"BA3013R",-0.0519101357908837,0.352697135940337,0.257687809898026,0.348316521133033,0.3160836281281,0.18796125560848,0.241270197606487,0.40052066438772,0.383085331386752,0.382858854137421,0.00546300970329239,-0.0502298979477403,-0.221191050300006,-0.0448469216104071,0.271638443422676,0.179469743704784,0.318390886654293,-0.203227525096742,0.114759154376717,-0.0400100936466102
"BA2377R",-0.032143057660996,0.310690439468187,0.12528534006923,0.254785184611512,0.173305631983828,0.14013965599886,0.159950611740936,0.190084088130349,0.296647762367342,0.326707470005802,0.00711200852543603,-0.0277111136032298,-0.109824482700611,-0.0389480767074128,0.344992710552877,0.198804049127923,0.236940869316907,-0.0906987830183388,0.250425241593301,0.0130563188096974
"BA2901R",-0.048517368881189,0.318699849671033,0.215513612124614,0.394420027493272,0.41686413236753,0.153381929360148,0.228642517732202,0.335389791318379,0.458234600482902,0.449460010855934,0.0546413147119861,0.0454300773802849,-0.163760070281687,0.0278120444095548,0.33255579230683,0.174008748808255,0.275567544414302,0.0579818854803432,0.28014542327894,0.0489915699358866
"BA2275R",-0.0216940574444364,0.325637921946077,0.287891757881935,0.368686712230634,0.335525109027271,0.0828349217727761,0.239043984413835,0.399227320740907,0.370192973590132,0.376815093492055,0.025710920410567,-0.00202983066053608,-0.199143909231948,-0.000235505214758347,0.279219468431087,0.0337474062026807,0.359658963428315,-0.128512141775559,0.0674218209686163,-0.0512626404231855
"BA2387R",0.0284274565477194,0.337608109954901,0.192436149312377,0.170452477298689,-0.0226028038257809,0.111826280719786,0.222648044513574,0.322518734768903,0.166086435697307,0.259024463286353,0.0206685736721073,0.0240215319053493,-0.207620703190714,0.0240776045755299,0.316474150499047,0.167601368403342,-0.00238644012482914,-0.339415904884751,0.158797360698331,-0.00523374268677923
"BA2962R",-0.0331957778900679,0.377401358817672,0.238733744971466,0.284996805359252,0.153102363973272,0.168131312913214,0.263559054781414,0.362699719706232,0.3301196024482,0.376098227487974,-0.00471703404565599,0.0178871817875967,-0.19613450718705,0.0043960973421554,0.300213076146686,0.212649318602434,0.142564301303364,-0.313372777746621,0.165526458438475,-0.0134208116039553
"BA2420R",0.0689381361437956,0.3614020616544,0.244772663485827,0.303792909833685,0.23392479457952,0.19975255755304,0.315566388189578,0.367461386830352,0.382267392891235,0.406118629157542,0.0544898760446464,0.387899517775036,-0.187545561599282,0.35400919591791,0.254738140630257,0.222926364197185,0.269779917188488,-0.319275419213729,0.117871362081534,0.0392156862745099
"BA2756R",-0.0460730527683534,0.379165771851389,0.254448498456357,0.342465488199191,0.117328317143018,0.0506760404026446,0.268390979694156,0.419498714973676,0.232021262657458,0.307715200179684,0.0467160244545404,0.139138723786027,-0.163386231518346,0.116833015588202,0.319075922395424,0.0784588637765689,0.238271768617292,-0.250077112893276,0.175059346903681,0.00484121198527077
"BA2122R",-0.0561250270699487,0.275294800960544,0.317518009168304,0.326780770198842,0.383910756733487,0.102068929779029,0.189786679067182,0.402533456429706,0.398641136504015,0.405248282703502,0.0231813337820405,0.0459235168778738,-0.182526776201424,0.0772008523045867,0.325602781204441,0.12808451573103,0.224641524058172,-0.237087095507823,0.246051328062207,-0.0325052804725321
"BA2080R",0.0204027206301082,0.379426895218758,0.27704415754514,0.283395612693373,0.279785501712617,0.123820545927996,0.24015575474774,0.358491154527535,0.342143485503584,0.339210511539109,0.0426776599921476,0.0618705842772233,-0.0378231368810632,0.066502186834137,0.27465515307839,0.223304918400538,0.170191935056194,-0.0638144243172004,0.204919718125573,-0.00665432998747639
"BA2081R",0.0124100676147164,0.336046250561293,0.275266629245018,0.314734070359542,0.267920714245606,0.190204647426901,0.267436888325877,0.336117557036039,0.402934845677279,0.424309805903382,0.0985865724381626,0.215767634854772,-0.207863698386886,0.198104743747897,0.284916451721431,0.232859906903707,0.284853244130785,-0.245618585609332,0.215592814818969,0.0364399334567002
"BA2354R",-0.0490527523119741,0.319436852072392,0.383543830105716,0.307971112703053,0.274683212607857,0.0804360687311341,0.192135828402525,0.432877128194892,0.332279559024463,0.350176876860015,0.0771495877502945,0.0749579454973646,-0.166713396512084,0.067298418750701,0.247471122574857,0.139791654982895,0.216916189038693,-0.217626605350233,0.0307949681302454,0.0238882969775136
"BA2893R",0.0153155754469549,0.377579508404756,0.237580690429413,0.308886909717516,0.15113893724147,0.0708644075847803,0.263265077048891,0.388059235970756,0.248911599004249,0.307033896718887,0.00894049021257504,0.0174273858921161,-0.21520028411746,0.02024223393518,0.279746551530784,-0.0236315966575066,0.072393783017521,-0.221250911334193,0.158788014729247,-0.0442998934559524
"BA2044R",0.00256663217754682,0.344892719782902,0.238563008700533,0.326029545586556,0.357676830067195,0.218910994131339,0.238798112128452,0.35538879323968,0.420650607370805,0.42100248937803,0.076409220932189,0.26092856341819,-0.205293556888914,0.240574184142649,0.224144891779747,0.222085132634176,0.343555591816754,-0.252390499691548,0.133862315183461,0.0315146077496775
"BA2489R",-0.0228670885568308,0.363727767907694,0.29946206380391,0.327619121376987,0.356784023059502,0.109254692985676,0.234057053060308,0.418292703212982,0.382308570572931,0.385204110281318,0.057142857142857,0.042402153190535,-0.139656816015253,0.0388695749691601,0.265459235168779,0.12859626493186,0.224162196340792,0.0260220963490551,0.226480868801286,-0.0106263668479785
"BA2309R",-0.0398369386494702,0.359530270787372,0.250558985873328,0.286022962690468,0.353188462762274,0.114495031718408,0.269091181202529,0.370919313654548,0.366559979036817,0.380929118236098,0.0627124347972404,0.433744532914658,-0.140853100057945,0.400549512167769,0.292194684310867,0.104249621445797,0.346044016562302,-0.110089170545679,0.172713508663713,0.033411839473635
"BA2720R",0.0144192593662024,0.322028562503661,0.180068294508373,0.211415516273306,0.298654238493646,0.0660753382361197,0.24216282090342,0.269558183829462,0.329677878226365,0.31446646826511,0.00080206405294736,0.171066502186834,-0.1224882708088,0.203846585174386,0.361926656947404,0.0237507711289328,0.327814265608746,-0.109521339240648,0.247957905755248,-0.00479448213985306
"BA2908R",0.0782622296012897,0.392451338318268,0.132089063523248,0.0978857286685124,0.0297321578976921,0.0534765016042735,0.303083024656714,0.252682336502233,0.169247758623917,0.233003911879761,0.0459532222783106,0.244734776270046,-0.247845754126245,0.236660311764046,0.27410564091062,0.149865402949919,0.039437452832113,-0.254304301497392,0.134759528215481,0.0273649974765884
"BA2054R",-0.0494618093152706,0.321242751996252,0.22549115913556,0.408815272318922,0.379733093754094,0.187337251531941,0.231066497763097,0.345740699154128,0.447638834297265,0.44835757201415,0.0189354422569971,-0.0902994280587641,-0.175545337296024,-0.0679937198609398,0.261579006392284,0.184131568616455,0.316254308850225,-0.153265380517077,0.203143983999701,-0.010617020878895
"BA2872R",-0.0595599027888062,0.322746041662599,0.255718495649733,0.341752986505063,0.400587717820578,0.187231451532804,0.22541143519929,0.401098718300605,0.434540588092163,0.432908454526738,0.0407482191934488,0.0292362902321408,-0.188685769827473,-0.00117752607379162,0.297790736794886,0.184278784139981,0.351000469129255,-0.116075935169088,0.131077216396568,-0.0128693994280267
"BA2041R",-0.012213559838623,0.374245914761524,0.256375713350173,0.312375844643652,0.258122297714639,0.0663625096623469,0.269866213406454,0.381132985669253,0.321747431074176,0.324255526232055,0.0438779516518032,0.0387462150947628,-0.154872053683246,0.0417741392845127,0.331008186609846,0.0879717907015871,0.303929467436311,-0.0653987437608659,0.18433989420363,-0.0197386867044244
"BA2464R",-0.095707307683053,0.374416743132699,0.337073159322668,0.338418943251563,0.10936417916035,0.0555126117917338,0.158069154252789,0.382973193269623,0.250584910251371,0.329299792239879,0.0548881036513545,0.253683974430862,-0.163928297725191,0.258842660087473,0.29186946282382,-0.0598045538668611,0.0961358027209497,-0.30203017217206,0.15800295332623,-0.00100001869193822
"BA2902R",-0.00856814007395112,0.383512133695164,0.206555805033212,0.295864392340607,0.248619611806764,0.0928751257724479,0.284375350768885,0.346000615481864,0.296696426900256,0.324118891197335,0.028150765606596,0.227441964786363,-0.173087347427055,0.226455085791185,0.283974430862398,0.0275713644775952,0.0118302160034266,-0.168106107341147,0.262154432793136,-0.0246359745041964
"BA2541R",0.036833176929185,0.374409421916792,0.225353166806998,0.320072024627776,0.287431448518539,0.152932819159732,0.324284164221306,0.349716379303175,0.379562767888895,0.387360323431973,0.0352515564529698,0.0313109790288213,-0.192919493822314,0.0321408545474936,0.251452282157676,0.155515674948124,0.151477757154221,-0.193553362122147,0.0655432811828259,0.00874782706218813
"BA2143R",0.00118105183794925,0.359364323226802,0.292967068949387,0.346312610118299,0.406464896026354,0.149294594699636,0.2785786443885,0.426778451480899,0.418863121642615,0.411939655979187,0.0347691962532952,0.148536503308287,-0.115086263294641,0.140495682404396,0.277582146461814,0.189669676406259,0.296637567054888,-0.132935617744378,0.129254752425279,-0.0353931849193442
"BA2843R",0.141629971847253,0.375680873079401,0.195822808494714,0.167021626749792,0.166795814850169,0.0636246647867375,0.366216078978454,0.289927306601459,0.229597394575776,0.23751286802553,0.0950417858545067,0.0859481888527531,-0.217508738481093,0.074094426376584,0.259123023438376,0.23056755089451,0.149203500112183,-0.35513992484998,0.0670479822052749,-0.0262060973102302
"BA2592R",0.0218444460485896,0.38365367720271,0.252394985499111,0.272595790818796,0.301325172665506,0.117202648022836,0.302139623387799,0.36062454774559,0.359726355587999,0.365161809571939,0.0856357619608502,0.41479197039363,-0.144619525598609,0.376550409330492,0.316776942918022,0.172144018843587,0.270840557243968,-0.100877684930739,0.19502233686611,0.0345520477018262
"BA2497R",-0.129480577813069,0.271397473692431,0.24902469828796,0.403638018161049,0.392125704231943,0.142946594751456,0.127311065856357,0.320580798629305,0.454077526344358,0.449954143036293,0.0187391328734086,0.0526522372995402,-0.242425092057795,0.0322529998878547,0.295323539306942,0.116279232796815,0.35726742407245,-0.164783242667265,0.184573543430718,0.0469821865829269
"BA2718R",-0.0512724881092743,0.379844204525488,0.201978669660399,0.189428643342562,0.140578733599117,0.123451325522846,0.258630918974392,0.30704851494207,0.295068036760439,0.273612592883748,0.00505917325705318,0.0572389817203095,-0.214284379147274,0.0684871593585287,0.271997308511831,0.165105714766418,0.112249372794583,-0.266495148897987,0.127404250546739,-0.00643937269855516
"BA2575R",-0.029309736358751,0.312476816149626,0.243236037047432,0.268148463668222,0.408694105976379,0.246308875540336,0.193862279449888,0.308185908792242,0.45118573006158,0.453948378160855,0.0966290874418082,0.139318156330605,-0.193798014916167,0.132286643489963,0.265246159022093,0.201208569345522,0.200415077406327,-0.31678677583983,0.276397689676443,0.0816463859137554
"BA2096R",-0.0278619953961035,0.363488608188048,0.289503227617177,0.348126778834053,0.308755872498924,0.132789794834369,0.276520800260838,0.424707438181501,0.379341905777977,0.384148464259644,0.0970609680857031,0.288011663115397,-0.138002579487467,0.28641919928227,0.299136480879219,0.115213672817004,0.315229363411997,-0.0260781784532556,0.202601917792856,0.0355427204246809
"BA2791R",-0.0630188406843283,0.361738837586146,0.32720319955094,0.293279637553486,0.133337076758942,0.0801294646520044,0.184350763540347,0.387649607838245,0.286302805697494,0.356411552211429,0.0442200908632003,0.351474711225749,-0.194330735153928,0.329707300661658,0.299573847706628,-0.0879717907015871,0.0871407591735166,-0.292951881554596,0.212209574010729,0.00535524028486511
"BA2620R",0.0394439230972834,0.351396399914098,0.264437739732435,0.341555499622452,0.392734010893369,0.230803777707724,0.278159057988444,0.409490896690537,0.43554195444251,0.432762460927995,0.10524987380111,0.175664461141639,-0.191068991943775,0.17329819446002,0.278423236514523,0.235348550277606,0.0308860423848084,0.00116370366216145,0.147217705003832,0.056187966130208
"BA2629R",0.154190428066123,0.360284356025849,0.122118533071382,0.0999903192704602,0.0482396541074738,0.13078391321809,0.350608533906323,0.212104199416124,0.203180040054654,0.231946394145282,0.0849570923775871,0.300314006953011,-0.13163797454158,0.268139508803409,0.222350566333969,0.244391789579945,0.124829175760295,-0.365171611238854,0.0965064767565749,0.00477579020168595
"BA2870R",-0.095322312856421,0.301343687159563,0.210326036111891,0.305459931460435,0.0991876766428959,0.0803669748541472,0.155498185355633,0.285288319984031,0.285782469537874,0.347612630318004,0.00643333894217291,0.102579342828305,-0.159741303575768,0.111382752046652,0.241347986991141,0.087446020974707,0.266057478532237,-0.252614828108351,0.238537168919045,0.0210845062524533
"BA2276R",-0.0250206533683037,0.355579254602604,0.318395079053232,0.303891653274991,0.295504145843862,0.0966580155374855,0.265493962766384,0.411907078873169,0.352366780841148,0.366129485091808,0.0425093948062146,0.0251990579791409,-0.193283986616572,0.0242121789839632,0.291241448917797,0.0869482922999271,0.300171334162808,-0.142259267567719,0.129320174208864,-0.0122619114375969
"BA2709R",0.0059112747339124,0.327756193748658,0.302341191879502,0.327299657302174,0.375430026016808,0.262837426425817,0.210931695610111,0.394074739459873,0.45514065921725,0.452018642259532,0.0722194178024567,0.0440058315576988,-0.175367763883437,0.06113042503084,0.290299428058764,0.224153160226572,0.236068900809758,-0.103198081992036,0.215957307613226,0.0385053926241612
"BA2789R",0.0456138662303391,0.394115694734582,0.180671718589204,0.291142132471103,0.116957718007749,0.101835737944198,0.278934090192368,0.312113764336985,0.271226159058154,0.317500514721021,0.0157944921195805,0.0675675675675675,-0.175040654965513,0.0475608388471459,0.268576875630817,0.053369132409848,0.0494676402798457,-0.213770960686445,0.11566571337782,-0.00287855847772861
"BA2583R",0.0867220898802505,0.381598855937994,0.262814575732061,0.258057271195957,0.191700825425347,0.16109453337882,0.31107921898134,0.36234415416989,0.31498306099912,0.344221086716454,0.0399629816590947,0.238353706403499,-0.10648797173779,0.224638331277335,0.322821576763486,0.236673489989344,0.233677361453893,-0.117884583029555,0.14993738200714,-0.000495336361427345
"BA2415R",-0.119919872951707,0.283052849417231,0.244414818972776,0.316472729384886,0.40534561176933,0.18056389240356,0.163956726477773,0.34867463466161,0.440026578321822,0.434082018455088,0.0467833305289136,0.2149377593361,-0.255574870558328,0.194874957945497,0.272961758438937,0.159329258033761,0.30347563587411,-0.172382367786439,0.0952821548066318,0.00563561935737111
"BA2221R",-0.0818695509195762,0.285337068780383,0.280732528767892,0.345780169993611,0.383957549553597,0.189220059679836,0.165616364404107,0.38495479535228,0.444659067512681,0.439549291556704,0.143956475405239,0.468588090164854,-0.153292584908129,0.45386340697544,0.293360995850622,0.187755874600415,0.314913211087768,-0.0916732095788234,0.157937531542646,0.0990859642236304
"BA2514R",0.00223778242979866,0.376757091817809,0.312627467489943,0.338872001394025,0.349192355924907,0.150749884483674,0.242881730085681,0.434340976952699,0.368411103000356,0.392473842813559,-0.000291659655617282,0.0471907592239542,-0.14742331632367,0.0648872939329371,0.298665470449703,0.210286859962986,0.317478124298856,-0.0881961191183893,0.160498327071534,-0.051552365464775
"BA2153R",0.14017621534044,0.369401710236036,0.0890003742164842,0.153884876764313,0.129041495872873,0.0589370770699015,0.322891778779084,0.274467483427735,0.22532427424336,0.24043086828757,0.0836446239273094,0.325681282942694,-0.233593151273856,0.289200403723225,0.324402826062577,0.0137471257921598,-0.0188365594468354,-0.21836969323089,0.0655339352137423,0.0534963270341502
"BA2281R",-0.0777709601610562,0.36633656117608,0.303035831228366,0.299833491451916,0.0519063394912684,0.134337929515609,0.163165659124802,0.342717352429906,0.257280026952664,0.32028562337395,0.00930506478209658,0.170842211506112,-0.181386567973233,0.205730626892453,0.287664012560278,0.0444310470528855,0.228945275052522,-0.383987157198138,0.19935886652087,-0.00989738125946277
"BA2932R",0.0633897992412393,0.385127682005427,0.249997661146974,0.248616623748766,0.10546914481442,0.126307925499527,0.296981650444441,0.363884938160707,0.250283564489865,0.304056001647107,0.0138594424813506,0.0259728608276326,-0.221321893867175,0.0215991925535495,0.236077155994168,0.197556222309461,0.107354111000061,-0.298202568560372,0.0607955288883903,0.00654217835847393
"BA2123R",-0.0373424930019169,0.369128384842155,0.211301337823931,0.252790954326318,0.212098751567559,0.0737361218470521,0.271400242665256,0.322323277690446,0.27936436633163,0.309517659610309,0.00440293903191424,0.115576987776158,-0.0619170451784146,0.119771223505663,0.339295727262532,0.0667867758398295,0.333601892834561,-0.120716729291683,0.203975775248135,-0.0147853230901512
"BA2844R",-0.033662985153637,0.362073173112591,0.215471512770138,0.272779724680052,0.233322103056507,0.199158782047683,0.222891244274116,0.313022431818749,0.358412413199319,0.38028150560578,0.0497840596780527,0.0983066053605474,-0.164376904241201,0.0955702590557362,0.26603117640462,0.18318518310807,0.246195973647174,-0.192466771353261,0.22728462214247,0.0457485186639003
"BA2660R",0.0774882295852483,0.376100622791433,0.182278510618393,0.263356502546032,0.299215752334962,0.220394353302903,0.286302241179332,0.303742379253271,0.415261946206974,0.424700993879499,0.0607717763194795,0.050712122911293,-0.107450606553394,0.049186946282382,0.262453740047101,0.242919634344681,0.217232341362922,-0.264644439459369,0.10680573468663,0.0249070076076188
"BA2952R",-0.0405287262285747,0.296828937349915,0.230180559453644,0.398946736626072,0.240932487319146,0.146900060025306,0.170090170988139,0.269903352712695,0.391785052501544,0.413184344994104,0.0200628190027484,0.0231467982505327,-0.172246210209537,0.0191656386677134,0.30591005943703,0.149360664012114,0.304403695922655,-0.243606640121137,0.211200209349708,0.0135516551711247
"BA2440R",-0.0132602645235287,0.34413375373382,0.26437459070072,0.354076555209201,0.369921575233496,0.192087455574796,0.242678618197756,0.388895126880755,0.443743799951336,0.432367529526269,0.0487071624880812,0.134047325333632,-0.119095684031477,0.164180778288662,0.310429516653583,0.174071841175481,0.27784180145634,-0.0846419157646795,0.230976279930466,0.061225443466233
"BA2292R",-0.0457241512067181,0.332510103277952,0.21923940499579,0.255000096807295,0.258069889756116,0.101887558351938,0.179898337155044,0.328970897688616,0.332597750201209,0.328139330301159,-0.0159291042683269,0.0261971515083549,-0.0310753472027514,0.0454973645845015,0.301850398115958,0.09693791711065,0.389361984212781,0.000154225786551554,0.121329370642442,-0.0411970317202191
"BA2410R",0.0239879849531188,0.391692372269187,0.205945364393301,0.280495266123255,0.213324723454433,0.0901955788555463,0.323992859013625,0.375410667797823,0.266455163119771,0.309695472326726,0.00757754220651752,0.109162274307502,-0.137591356847792,0.114455534372547,0.278681170797353,0.0523736750602882,0.0195402533297978,-0.254465537546969,0.194741957793604,-0.0312996504607562
"BA2051R",-0.0108901401220755,0.314368130259073,0.279443820750304,0.306044647524637,0.402412637804855,0.243549438828168,0.187913239153558,0.333156590230473,0.459441855241732,0.452263836636906,0.0893768579280947,0.0829651227991477,-0.165825529449149,0.0987888303241,0.283335202422339,0.225176658628232,0.0588859200032635,-0.0841231563008244,0.258724462139479,0.0612534813734836
"BA2532R",-0.0555535503741668,0.357494972765077,0.275320422864627,0.254150128753703,0.18597712766953,0.0693357055564433,0.157320847297276,0.349824504495513,0.29615175847418,0.366586183016078,0.0361938414941948,0.132623079511046,-0.199097179386531,0.114085454749355,0.325042054502635,-0.0450339296730413,0.152176351806148,-0.23827182995906,0.230069720929363,0.0172433129591207
"BA2986R",0.0744884782277405,0.376661916011011,0.175711011320049,0.207694243838216,0.130162651842701,0.163253717034664,0.310109092464014,0.322379419617237,0.283298706646452,0.328032642671308,0.188120477873128,0.495267466636761,-0.118338660535711,0.47915218122687,0.274116855444656,0.180374067635018,0.185790482795195,-0.205821322416017,0.222639675507953,0.237163311463766
"BA2515R",-0.0256823632265774,0.371022139356904,0.337126952942277,0.347799570175608,0.345645460160593,0.151639468149882,0.249541661989748,0.439031946835675,0.393312370149924,0.394892095756827,0.078624712546974,0.29777952226085,-0.150871978915494,0.272401031737131,0.261556577324212,0.19745807862711,0.27539417055908,-0.0752271325220122,0.176797697153218,0.0299351389745603
"BA2748R",-0.01495063243421,0.376837625192792,0.271061371503415,0.281895099614707,0.225021056769049,0.137483860102173,0.282197243023374,0.359626469047084,0.339704643719468,0.33068673142793,0.0475797857423299,0.0923516877873725,-0.183984747378456,0.0986654704497029,0.24633845463721,0.130769446469632,0.239628164072858,-0.170594750715047,0.0947681265070375,0.0309071197592478
"BA2970R",0.0313510110124562,0.36003299427969,0.264259986902423,0.334176847567233,0.353381249181126,0.15213392120707,0.318979202411686,0.425526694446524,0.386263499728602,0.390800531566436,0.0334118570867687,0.0667601211169676,-0.192218546141049,0.0723113154648425,0.30181675451385,0.188134428803769,0.251101433903767,-0.117344792776625,0.182816501243014,0.000719639619432222
"BA2622R",0.0520625295764254,0.327975830225884,0.137835625409299,0.178382930937675,0.388466505699366,0.21806891250556,0.260683418052371,0.213931931032762,0.442641361109551,0.444252905834129,0.121941780245667,0.438678927890546,-0.207714162881549,0.415307838959291,0.273129976449479,0.197780550726263,0.0514971342321578,-0.2449385900959,0.18899418680723,0.145638236228715
"BA2839R",0.0081811400659304,0.343855547529334,0.23729768921321,0.328623981103216,0.292296030097142,0.164706847635046,0.239035966839312,0.365286406999859,0.384784846613136,0.393278679319445,0.0563351842503785,0.15184479084894,-0.114618964840464,0.14103398003813,0.249792531120332,0.155396500476698,0.224197890958044,-0.307343951545062,0.172750892540047,0.0122806033757641
"BA2052R",0.0852282297456628,0.371890923644599,0.282549817569464,0.336790644542973,0.339101952196455,0.125144125509028,0.344480434445638,0.4066276584242,0.377575008890636,0.370801280251558,0.0840316338549555,0.181922171133789,-0.0731415540477392,0.181204440955478,0.270393630144668,0.240473052548932,0.284210741020254,-0.0291626941842858,0.20917213405858,-0.0264864763827362
"BA3011R",-0.0373605396344153,0.338313387087327,0.312554963046122,0.307059187980406,0.190740636756696,0.0432635629121342,0.171244701719502,0.351225973334664,0.275007018923016,0.350936792258596,0.0394077065455157,0.171335651003701,-0.208256229088394,0.124100033643602,0.31378266233038,-0.0837165610453704,0.198604850388561,-0.220949470024115,0.265808706704798,-0.0109254378586516
"BA2065R",0.0253434875718858,0.373079401026922,0.187580690429413,0.357913996398769,0.269358189679376,0.137885468262159,0.319732854416882,0.370929710307658,0.377254946001086,0.398261178804724,0.0380615850580515,0.0393405853986767,-0.193031645451317,0.0429853089604127,0.246170236626668,0.157878133587572,0.221831847757358,-0.14842829902978,0.211190863380624,0.0257855287014711
"BA2374R",-0.12359537043721,0.316964721500947,0.329256712508186,0.354192723963678,0.127639582982387,0.0861816564393334,0.11907434429603,0.373466493666359,0.280483650588654,0.35492728395755,0.00336530371866062,0.0254233486598632,-0.252771079833268,0.0126275653246608,0.338847145901088,-0.0617183556727048,0.326549656311828,-0.332265436599181,0.295285893194265,-0.0459915138600722
"BA2804R",-0.0629767318751654,0.324017492825208,0.318259425577697,0.368363375864005,0.37707338985906,0.10232803181773,0.154977043011615,0.426541407790004,0.388955022741311,0.402188032268329,0.028874305906108,-0.0034652910171582,-0.157890801697228,0.0114276101827968,0.262487383649209,0.127825135999103,0.371912415607726,-0.151344568448208,0.161376848165386,-0.0172246210209536
"BA2031R",-0.0694374263095839,0.298478651334414,0.158929740855085,0.292429669499893,0.204282478896438,0.163324970095306,0.13085483379568,0.204606133193602,0.382390925936324,0.418168716192187,0.0470469459868753,0.00654928787708864,-0.206910409540365,0.0040933049231805,0.236963104183021,0.136461780045987,0.249270809961858,-0.262842801861926,0.112796500869175,0.0650012149759808
"BA2198R",0.106673644697899,0.347040276449113,0.204296473009636,0.181025770102035,0.214911935912554,0.155273374242666,0.239968678008862,0.295541499280552,0.350517528590413,0.353879124787093,0.0678893936844467,0.23417068520803,-0.128021084506252,0.203106425928003,0.239744308623977,0.242688295664853,0.197778774960736,-0.204328136391677,0.084244565318978,-0.00666367595655998
"BA2066R",-0.0340700369755448,0.327453583491146,0.0970857891290111,0.263354566400124,0.23334456361016,0.13421269686357,0.21152766864968,0.156642213738553,0.383628128100024,0.41660396428772,0.062684390599585,0.10288213524728,-0.196994336342735,0.0754289559268813,0.26758999663564,0.142785037294599,0.255140024884247,-0.229796421961752,0.137946503672966,0.0454307557150601
"BA2459R",0.0631973018279234,0.344873196540481,0.226873421274207,0.278892137311468,0.232842944578584,0.0923137380219287,0.279182635002592,0.345166803902488,0.302143111161023,0.323954180470549,0.104133714734421,0.0548727150386902,-0.078403334641769,0.0306044633845464,0.29752158797802,0.221012562391341,0.280427111591572,0.0259590039818294,0.299547655096357,0.00670105983289404
"BA2559R",-0.0104550157607258,0.359232541340466,0.254951351857049,0.372481558210227,0.397802609167649,0.217127508431612,0.225013228997963,0.390487894137119,0.44510266344732,0.44382241188912,0.0689775085534803,0.0959403386789279,-0.149283164171293,0.0132107210945386,0.267769429180218,0.18467836913241,0.206411773104616,0.03367730357243,0.25565898428008,0.0316361053477635
"BA2093R",0.0568288457373853,0.379063274828684,0.209507437552624,0.172367325601657,0.0698410915829075,0.0694285504536445,0.320502541571124,0.345216707837413,0.179886574204054,0.238313961105808,0.00636603286779969,0.13457440843333,-0.248780351034599,0.124189749915891,0.242918021756196,0.0663731703213505,0.298493687151977,-0.210027480231058,0.109936634329614,-0.000579450083179167
"BA2304R",-0.131999085637287,0.227540950000976,0.168851155393395,0.342138279540746,0.405407378291875,0.185383190323403,0.140363677180379,0.223632008383861,0.458816703165066,0.454519250566193,0.0765943126367155,0.124873836492094,-0.203153329968784,0.104463384546372,0.302781204440955,0.155024956536369,0.102020315336447,-0.179469743704784,0.20480756649657,0.0589450270098506
"BA2976R",-0.00821121778676098,0.333049432849808,0.239788567686407,0.31090050146179,0.40905721826043,0.112979284792006,0.274070094981533,0.340471675358269,0.443429352200198,0.436341175809984,0.0813842615962758,0.155040933049232,-0.173208845025141,0.129797016933946,0.247515980711001,0.0966715271156974,0.279555143084423,-0.0428817789243452,0.150451410306735,0.0402811267500327
"BA2760R",0.0344450058952332,0.331602272505418,0.25216343904949,0.311187051056168,0.403236191438786,0.213061765607659,0.206864112801929,0.345484941487636,0.46265371441406,0.44101109925693,0.109080711200852,0.209599641134911,-0.129226714518028,0.133026802736346,0.258416507794101,0.142539678088722,0.220347971525894,-0.109065672144019,0.25798613058188,0.0721976111703022
"BA2201R",-0.0422431563159203,0.31859003143242,0.181031901955281,0.365641154717419,0.350236771669755,0.143017847812099,0.246441533174051,0.292601325781205,0.43774308870047,0.434359031950138,0.0544225699702731,-0.00789503196142194,-0.15300285986654,-0.0260065044297409,0.281002579342828,0.111070607369189,0.197421828788219,-0.286888004037911,0.236705358978673,0.0390941886764238
"BA2355R",-0.0272443995283813,0.371439448663634,0.231380391056226,0.287473135975527,0.352930166395268,0.0695257137181575,0.272202000117591,0.371227054586587,0.358841035431523,0.382091451887622,0.0833305289135678,0.363171470225412,-0.171311613301183,0.358629583940787,0.224010317371313,0.0697170657843083,0.19599404409815,-0.135101789019124,0.182022093870914,0.0427110787117516
"BA2113R",0.0475769388098847,0.355823295132856,0.22732248105529,0.276204766791225,0.249622849869916,0.129065203028039,0.260803681670221,0.331821659971222,0.396520485896644,0.396572893855167,0.0719389758259017,0.188774251429853,-0.196882184713733,0.192452618593697,0.209128630705394,0.155038977062419,0.374395741122239,-0.212509113341933,0.088338099777566,0.0746742929774388
"BA2155R",-0.0257004098590758,0.371751820542356,0.192749555617925,0.170657708764932,0.0959552286297191,0.0616295790887381,0.203715878539091,0.305721902005306,0.19528141202014,0.215825331761095,0.0438779516518032,0.181496018840417,-0.169694760649732,0.176382191319951,0.307233374453291,0.105329201951657,0.289641422073551,-0.0719112781111547,0.222116301239276,-0.00425241593300812
"BA2955R",0.0162379588857609,0.296621502899202,0.141294789035457,0.174764274235706,0.314350422071237,0.247047316350634,0.219352821384475,0.182151441807853,0.421713740243697,0.44166807045127,0.152913792136407,0.337445329146574,-0.217219013439504,0.319569361893013,0.246461814511607,0.21528517749986,0.0701705182858425,-0.261847344512366,0.204835604403821,0.143600814968504
"BA2322R",0.0383912028682114,0.364557505710548,0.303339882121808,0.304094948595326,0.363743051266214,0.182837512793163,0.287128051355237,0.391219818516023,0.437016864132368,0.432419937484792,0.0819563632284481,0.108971627228889,-0.192872763976897,0.0980598856117528,0.224313109790288,0.17138691043688,0.187131580557652,-0.173090404351971,0.230191218527449,0.0320099441111049
"BA2376R",-0.0674182086511546,0.260967181429492,0.149862007671438,0.360502623477705,0.410373032361914,0.1897792882467,0.180472929995884,0.254027663414594,0.458474179721864,0.45898890074307,0.0904761904761905,0.172333744532915,-0.182358548757921,0.155781092295615,0.261926656947404,0.180191800796366,0.056040549085198,-0.285142448544669,0.206116002168265,0.0662255369259238
"BA2020R",-0.00763573072820167,0.344280178051971,0.227663953597156,0.298966098085152,0.205995096112453,0.0917458727204419,0.281432900918814,0.326313513153845,0.314475826829131,0.342472906957156,0.0422850412249706,0.164775148592576,-0.161330118319969,0.132533363238757,0.290434002467198,0.111393079468342,0.344361270320436,-0.22495233021143,0.135086637133404,0.0234677283687545
"BA2226R",-0.0385536225606968,0.3432405653931,0.227371596968846,0.349236190439312,0.388567578190802,0.16041439052723,0.277715418864818,0.320248105729803,0.436236359892938,0.441973159638385,0.0528464860620338,0.203241000336436,-0.209742238172676,0.167522709431423,0.257160479982057,0.132914586955303,0.168667264976442,-0.129570691492345,0.156292640983944,0.0577300510289912
"BA2200R",0.047203975071585,0.362466078366295,0.192038544297876,0.255135627020852,0.251896980927247,0.133182766259732,0.332373896915372,0.35290815180777,0.318264173545211,0.324641099069759,-0.0352627741320321,-0.0544017046091735,-0.145068132114619,-0.0616238645284288,0.247302904564315,0.0978212102518087,0.239454790217635,-0.155880208625428,0.144283070711602,-0.0524028486513767
"BA2121R",-0.0872975769388099,0.303740165166631,0.402013752455796,0.316807682626963,0.317575383233197,0.107063121574995,0.150300124539658,0.415828696426047,0.387822636494656,0.402912385123627,0.0939031914296933,0.296635639789167,-0.228686517505,0.259358528653134,0.260749130873612,0.133559531153609,0.281513247802231,-0.246312601648814,0.193405484214658,0.0562253500065422
"BA2867R",0.0549600166831091,0.36532623338084,0.266846758349705,0.318461151232357,0.36364759391319,0.13845117437999,0.285233231242884,0.412597416639635,0.406393770939787,0.395041832781178,0.0959111559818273,0.13639116294718,-0.131535168881661,0.0995065605024111,0.256106313782662,0.206298020301722,0.253008546311216,-0.00728366328304636,0.155787958653433,-0.00355146825174307
"BA2224R",0.0611861048950488,0.371000175709182,0.243009168303864,0.310948905109489,0.306167293690456,0.134476117269583,0.297756682648365,0.36733870632366,0.394124693507028,0.395075523611657,0.144966066520837,0.474430862397667,-0.144563449784108,0.458674442076932,0.264831221262756,0.12147383769839,0.222775205499011,-0.181488699456004,0.178339782052001,0.139395128880914
"BA2046R",0.0637527370725955,0.372745065500478,0.194045280194593,0.198311680768263,0.175727628352706,0.12028596228338,0.285666180267146,0.30579259924645,0.260450708443296,0.3004267505194,0.0563632284480341,0.18218010541662,-0.145385895063459,0.185622967365706,0.28823595379612,0.231114351410465,0.230862585922043,-0.146234086702933,0.131123946241986,0.021570496644797
"BA2972R",-0.0558563327638618,0.378558110931063,0.244431190943961,0.257753296288408,0.20339154360155,0.152578713040174,0.255798042642806,0.358104399031864,0.344400771145675,0.356188818387707,0.0774524650849739,0.202870920713244,-0.204667376960317,0.17794101155097,0.258035213636873,0.178740676350177,0.125502274257042,-0.278447647355729,0.181601525262154,0.0718050804687939
"BA2851R",0.057436415698164,0.376412994670155,0.284285246515109,0.336074270557029,0.254219776517491,0.132835137691142,0.302203763983986,0.405623341733829,0.35785838620922,0.401965298444607,0.033647428347075,0.078647527195245,-0.203461746948541,0.0466188179881126,0.240719973085118,0.142792047557624,0.072633446876211,-0.175768324827548,0.137628740724126,-0.0011215162900241
"BA2587R",0.0261896741179207,0.347306280627087,0.303805313874076,0.29425158279928,0.382564995227132,0.181058345460748,0.263241024325321,0.413283595744858,0.427620865854343,0.436449735152638,0.0691626002580067,0.146428170909499,-0.194340081123012,0.109240776045755,0.216990019064708,0.154471145757389,0.312684847125054,-0.1402683528686,0.224751864520832,0.0373371464887194
"BA2461R",-0.0628885038940623,0.281142012065364,0.255907942744878,0.313870549284594,0.424326651318622,0.203544084052701,0.182760611259882,0.36236702680673,0.457504632489191,0.443066239916147,0.169981490829547,0.455411012672423,-0.189162414250734,0.438252775597174,0.278198945833801,0.177226459536762,0.244248067391437,-0.108785261623016,0.170844314847006,0.1589282042655
"BA2024R",-0.0718616906085325,0.292682688740946,0.282093741229301,0.342448062886019,0.410573305631984,0.099367791025569,0.218692707748719,0.397931897763472,0.412838078125292,0.409420330544481,0.107465365415895,0.344813278008299,-0.24635039907288,0.296041269485253,0.248166423685096,0.0823916213336324,0.223565586309584,-0.174261118277158,0.127572477990243,0.0484308117908746
"BA2426R",0.0082272592378706,0.339897210128658,0.286607727570399,0.317034211698194,0.330602504351732,0.257292642797611,0.234313615445056,0.358811371443305,0.434621071742752,0.439800101072492,0.0788490661282181,0.0733094089940562,-0.20110656273949,0.0793203992374117,0.298216889088258,0.237935337333857,0.198176514981541,-0.186346811732376,0.229938877362194,0.0291500775715434
"BA3004R",0.0351107261162845,0.376024970227055,0.226754139769857,0.275941450947743,0.286306549123103,0.0889842768246182,0.25848393010813,0.380022623117166,0.352110356186947,0.365360211129204,0.00683156654888095,0.329483009980935,-0.17257331912746,0.276034540764831,0.219603005495122,-0.0435617744377769,0.078222204091623,-0.210041500757108,0.252602852389764,-0.00722443410157203
"BA2662R",-0.0559405503821876,0.325435368305968,0.228452147067078,0.376628782745068,0.40230782188781,0.18673483929196,0.222396827178509,0.336606199732182,0.451393490182866,0.446571957998765,0.0586235907790679,0.0137490187282718,-0.148199031757603,-0.0140405966132107,0.298844902994281,0.153258370254052,0.367552573071981,-0.148323145084404,0.223621002261725,0.0456737509112319
"BA2674R",0.122308043985659,0.365199332305109,0.107299560295631,0.195246761795969,0.256688565706478,0.0590061709468884,0.333929306372903,0.26376932737813,0.305837872236884,0.323329028393883,0.0695159571484659,0.131759560390266,-0.217779771584516,0.117786250981272,0.311091174161714,0.0256505524087264,-0.0795378056989006,-0.193791711064999,0.162274061197406,0.00704686068898486
"BA2981R",-0.0130437049335483,0.318797465883134,0.296255496304612,0.356430908633275,0.279738708892508,0.137606933570556,0.214079929872948,0.400845039964735,0.365178654987179,0.389402362101559,0.025710920410567,-0.0555904452170012,-0.202452382287519,-0.0416171358080072,0.245452506448357,0.114288318097695,0.278887143818712,-0.073159104929617,0.214387184807193,-0.0565804968317165
"BA2539R",-0.108299846804142,0.279328790925597,0.247614369912995,0.321586090727797,0.438967188874539,0.177791500589457,0.150022181956181,0.334614200996415,0.473685589683119,0.454101858610815,0.0846934769196254,0.278883032410003,-0.193162489018486,0.255758663227543,0.251541998429965,0.113068532331333,0.315917759601852,-0.0807371992597162,0.167236770780762,0.0382063216134881
"BA2618R",-0.0380262598554665,0.319976181644248,0.313689306763963,0.313531723750702,0.334450745877553,0.13344402748209,0.230029558124743,0.426555963104357,0.400185299567634,0.395077395324461,0.0578439620842447,0.119647863631266,-0.224406063664741,0.0944151620500168,0.261590220926321,0.137387134765296,0.22155139005038,-0.205449778475688,0.1782837062375,0.0118413428288379
"BA2846R",0.0164043889410236,0.36828888541809,0.199925156703153,0.294363879261941,0.228373294401707,0.134357362168511,0.280628470941637,0.35630369871331,0.331175248469875,0.354869260860614,0.032536878119917,0.212055624088819,-0.160517019009701,0.157508130537176,0.271380509139845,0.138368571588806,0.00338588940787732,-0.275937973192754,0.137301631806202,0.00437391353109406
"BA2885R",-0.0930263801663498,0.260976943050702,0.21564926560015,0.406476408062111,0.413444513073914,0.145170553916975,0.105468520329897,0.298344436958854,0.467574447376794,0.44895464839875,0.00409445285770371,0.0456992261971515,-0.12108637544627,0.0267690927441965,0.261971515083548,0.0828753294823622,0.136929651008628,-0.0806320453143402,0.25983663246042,0.0284865137666125
"BA2399R",0.046536249669145,0.380220026942075,0.213509215080924,0.163219036186567,0.00140565631609479,0.0781969952800244,0.329679991875525,0.3127042942336,0.160847511557827,0.22772193834578,0.0309776207302709,-0.035931367051699,-0.205583281930503,-0.0367275989682629,0.278019513289223,0.17602069429645,0.106380157872193,-0.280627839156525,0.113506794519524,0.00802818744275591
"BA2174R",0.00896115562613797,0.334018273754905,0.243731873889045,0.326883385931964,0.398547550863795,0.227023047126342,0.28500873915623,0.348527002187456,0.448539128156176,0.442712486196118,0.0961747714397891,0.131378266233038,-0.16262920802258,0.0703936301446675,0.26658068857239,0.220262464247659,0.177106492340955,-0.122420223206775,0.180508046879381,0.0392156862745099
"BA3001R",-0.0474225398429542,0.382980125339216,0.238497520815792,0.218118453406649,0.0815355531847194,0.0729480198126692,0.288205078866208,0.341565403265381,0.200875961592453,0.250781440095832,0.033591339951764,-0.0299428058764158,-0.212947905568328,-0.0333071660872491,0.219580576427049,0.120078795356402,0.160676769943093,-0.261601985306489,0.0957401072917251,-0.00884128675302337
"BA3040R",-0.000918373076028489,0.345136760313153,0.263682290204884,0.348302968111677,0.32003855728377,0.0786655381333425,0.246107467568911,0.387959428100906,0.371375896082505,0.384213974207798,0.000387009927645954,0.0565661096781428,-0.0461130114581581,0.0340024671974879,0.243467533923965,0.0400846839773429,0.401911191792278,-0.0496046211653861,0.0816463859137554,-0.0691975550944878
"BA2724R",-0.0016622953712393,0.342808613654556,0.207046964168772,0.36997812155124,0.40668950156288,0.204273888128376,0.243394854855176,0.325837346441434,0.464087446422221,0.450072060942969,0.0691233383812889,0.105719412358417,-0.201499093440999,0.105696983290344,0.281518447908489,0.141418036004711,0.176560874620107,-0.114652851774999,0.18819977943513,0.0649077552851455
"BA2256R",-0.0222414719635538,0.381147380957029,0.243937692955375,0.296605936223354,0.0653283920115297,0.140731272320561,0.291361330703569,0.389997172110354,0.254189829112621,0.321318808841971,-0.0125357563520108,-0.0408545474935517,-0.221293855959924,-0.0331501626107435,0.310777167208702,0.171891649374684,0.185025598139801,-0.313428859850822,0.14401203760818,-0.0329445410194583
"BA2821R",-0.0346595603038251,0.373150172780695,0.237966601178782,0.317754457975953,0.303477642390552,0.165453925179968,0.291695396308709,0.363949397409986,0.39473112845565,0.383834016508507,0.048858601155421,-0.00776045755298865,-0.157264621768631,-0.00908377256924975,0.22710552876528,0.239204194941394,0.291313969853346,-0.222274409735853,0.16418998485953,0.0247761640404494
"BA2233R",0.00364341458328321,0.387682786357158,0.158803442791655,0.291055005905245,0.129887510060456,0.0711451014600399,0.289298141526225,0.317526261945754,0.245065229191233,0.281696520485897,0.0032979976442874,0.112066838622855,-0.185788519411578,0.104867107771672,0.265190086351912,-0.050810386405698,0.0705835559997552,-0.3520413885929,0.134525878988392,-0.0412157236583862
"BA2880R",-0.0865135510158249,0.29400782882021,0.282776686313032,0.35001452109431,0.406974001909147,0.17105268839957,0.185080362821972,0.40053106104083,0.443184157822824,0.427383158328186,0.0514667115373829,0.194729169003028,-0.205611319837754,0.162453740047101,0.2882920264663,0.165890864225226,0.335197952148816,-0.0785219561437945,0.132544533542683,-0.00500943942877441
"BA2301R",-0.0423634671992429,0.299349876027411,0.198383852558705,0.389192433541792,0.404619387201228,0.168750998622441,0.211594481770708,0.305528524257471,0.449295300129148,0.450744005839744,0.0496214033316508,0.09697207581025,-0.197022374249986,0.115767634854772,0.344689918133902,0.163205933486624,0.178146735472291,-0.102398912007178,0.269995700854222,0.0257481448251369
"BA2866R",0.0468751253238368,0.364808867456707,0.219875573018992,0.34074231834111,0.323085705729313,0.103852415478756,0.279228067924891,0.365313438297943,0.36882662324293,0.364315795384356,0.00599584945874698,0.0860603341931142,-0.139282977251911,0.0735112706067063,0.309958506224066,0.199883629633784,0.38611887327391,-0.198222197296843,0.152582291257781,-0.0396362548832689
"BA2212R",0.0439515708591,0.365936334706468,0.296246140892506,0.334786733528239,0.295987047747394,0.140897529462061,0.334894087840546,0.402398299939284,0.366520673067924,0.380828045744661,0.0476863536934209,0.0239878883032409,-0.104843081179087,0.0421217898396322,0.291914320959964,0.199378890695979,0.270203153364473,-0.0677191408221636,0.176760313276884,-0.0361502084151105
"BA2685R",0.0297388451759346,0.347460026161145,0.298072785106184,0.286261108637147,0.22592135062796,0.0714236361516438,0.278249923833042,0.386110903178049,0.295199056656747,0.328384524678533,0.0373268270794772,0.152753168105865,-0.0939737191349371,0.151138275204665,0.281114724683189,0.070817677079244,0.301175882676892,-0.0480904043519713,0.164834856726294,-0.0187947438269874
"BA2273R",0.0519923482278206,0.379309755764237,0.265780241369632,0.256192762686596,0.21008104516443,0.0960491257465377,0.304456702425049,0.355330571982267,0.282907518670335,0.308231792913695,0.045246508497392,0.199439273298194,0.0088319407839399,0.203947515980711,0.366087249074801,0.110664012113735,0.264991739245722,-0.108224440581011,0.187900708424457,-0.0219069515318043
"BA2477R",-0.0158048397057998,0.370775658421351,0.241269061652166,0.352285620244342,0.285685140472046,0.122853231650178,0.269927681477799,0.375712170737996,0.366208097029592,0.397636026728059,0.0168489539514274,-0.0356061455646518,-0.183723060244117,-0.0434899629920377,0.218874060782774,0.16739106051259,0.321894058375997,-0.23778812181033,0.161423578010804,0.0197013028280902
"BA2659R",0.00199916584454229,0.358529704613342,0.323033024604734,0.343828534918391,0.399255058303854,0.171169284316985,0.263131450806835,0.438300022456771,0.444945439571752,0.438604076590488,0.0736384542038252,0.270057194123584,-0.160404867380699,0.233183806212852,0.264393854435348,0.18821855196007,0.285098007220511,-0.195277886826314,0.19502233686611,0.0281594048486887
"BA2124R",-0.0630810013073783,0.367525038558404,0.256581532416503,0.351015508528723,0.216772418440115,0.0323165017770082,0.234781307292251,0.377537823024012,0.295397458214012,0.342734946749771,-0.034483145437209,0.0632051138275205,-0.234275407016954,0.0570259055736234,0.220926320511383,-0.0641649374684538,0.120086890896853,-0.250091133419326,0.172059290827866,-0.0466550776650031
"BA2369R",0.0135971349968318,0.365506823373226,0.288186453363271,0.333067435961974,0.397304733561682,0.198392271849859,0.259937783621699,0.412715938485083,0.44053755591742,0.429868792932412,0.0600538448594986,0.153358752943815,-0.154451485074487,0.118055399798138,0.298856117528317,0.205884414783243,0.237726150896445,-0.068770680275924,0.199106525355614,0.0120749920559263
"BA2534R",0.07427191863776,0.374773042306866,0.138062494152867,0.119402118143623,0.0318958578995638,0.113365778666402,0.317477243450978,0.233741713867472,0.17296498025343,0.219123289722425,0.0391553087666162,0.0119210496803858,-0.154442139105404,0.0138163059324885,0.299988785465964,0.201215579608547,-0.00603239031554037,-0.244826425887499,0.0864782519299426,0.0637395091497037
"BA2400R",0.0186762594544302,0.377613674078991,0.220249789503228,0.368156208251854,0.195365639096337,0.135821288687173,0.314951707476121,0.349477256281658,0.333906077451476,0.380691410709941,0.0895507319535588,0.265661096781429,-0.159974952802856,0.244689918133902,0.220713244364697,0.141467107845886,0.195774777163604,-0.154464135494364,0.17550795341969,0.0748799042972766
"BA2813R",0.0138537982145865,0.382296811854513,0.210838244924689,0.254372785533118,0.169509798416531,0.110817941952507,0.314919637178028,0.367675557884406,0.268265109401613,0.316107960394557,0.0232654663750069,0.00428395200179432,-0.234294098955121,0.00317371313221937,0.277189637770551,0.148694689024732,0.0544240928467987,-0.274570971902866,0.143675582721172,0.0128787453971102
"BA2211R",-0.0264002181637351,0.349151227035786,0.219980821405183,0.234480822474782,0.191710183989369,0.0484736730736843,0.208774968063328,0.345283246417313,0.294575776292886,0.318853763078593,-0.0264681137472657,0.183088482673545,-0.26668722779865,0.144813278008299,0.277178423236515,-0.0864505636251472,0.054383298998511,-0.122791767147103,0.22326585543655,-0.0402250509355315
"BA2171R",0.0118466116444894,0.36008180238574,0.203646271868276,0.29957404790025,0.142059258427387,0.0738332851115651,0.249266391931113,0.350429589706482,0.274866640462687,0.312106238418777,-0.00655112457232593,0.145217001233599,-0.216592833510907,0.110575305596052,0.269900190647079,-0.0531798553081712,0.151345177147286,-0.293344456284,0.208751565449821,-0.039131572552758
"BA2746R",-0.0583247110533619,0.302934831416802,0.211111890728787,0.370965555964297,0.418129410223295,0.230769230769231,0.206105115747051,0.31519533231862,0.466552492185599,0.459359499878339,0.0664535307644848,0.198048671077717,-0.12746032636124,0.187540652685881,0.296882359537961,0.204384218495878,0.122279560242315,-0.161803880881611,0.192358735677302,0.0764500271033104
"BA2798R",0.0709292812627831,0.355247359481463,0.271304612218168,0.274859145385196,0.297753944634735,0.118103027607322,0.27516315764155,0.407380376109323,0.316051809010426,0.355601100567129,0.0511021369678614,0.130043736682741,-0.194639152133685,0.140495682404396,0.312952786811708,0.235327519488531,0.134981744752891,-0.144691828837418,0.159573076132264,0.00699078487448357
"BA2288R",-0.00622408303055094,0.362407508639035,0.264402656937038,0.3382330732444,0.290107997828813,0.12712193773778,0.24242472833785,0.376196654772896,0.356671720291239,0.374117955340933,0.108873184138202,0.337882695973982,-0.000728985588515696,0.354424133677246,0.269272176741056,0.143079468341652,0.183893568849817,-0.111974931299422,0.187882016486289,0.0666928353801006
"BA3030R",0.0107417566993111,0.352133402315457,0.275603424080831,0.312768882262967,0.326400509105883,0.104627562411204,0.294089978566351,0.377261272051301,0.356763434218654,0.368895876616692,0.0653429805373268,0.0120780531568914,-0.161432923979887,0.0137153751261635,0.25219244140406,0.175943581403174,0.260157668223632,-0.123668050025237,0.0831697788743715,-0.0137946503672966
"BA2588R",0.0166149329868379,0.37360164776166,0.211822902048835,0.310089256326357,0.355007767608138,0.105964097094171,0.320825917076899,0.360499787908277,0.364568476612949,0.372182604301196,0.122171742666442,0.419558147358977,-0.143498009308585,0.378770887069642,0.249052371873949,0.169690426784813,0.131616252269158,-0.139399080253491,0.159283351090675,0.120376081795921
"BA2296R",-0.0416014982715336,0.368447511762754,0.304745532790719,0.327319018761254,0.289325621876579,0.185242843385773,0.278199145861061,0.371709459290865,0.407883654332079,0.406635221891553,0.0867967917437882,0.281204440955478,-0.159759995513935,0.260513625658854,0.239800381294157,0.229656216701251,0.227624574214209,-0.173763389602378,0.135114675040655,0.076758444083067
"BA2300R",0.0715569030374488,0.35230179028133,0.263658901674619,0.311369048771515,0.25740168828495,0.222378643082623,0.260597897257455,0.375568696925086,0.410726786081944,0.414067793437775,0.0248303326041842,0.152472804754962,-0.157545000841137,0.122956151171919,0.239295727262532,0.195193763670013,0.356114997858323,-0.227090460434075,0.0442344716723677,0.0476083665115236
"BA2545R",-0.0791806026773182,0.311471369164991,0.27496023949855,0.330685976495189,0.35721826043012,0.175513561832542,0.191507785064862,0.396840249186982,0.423398281767645,0.420373593875756,0.147792921644512,0.430324100033644,-0.216321800407484,0.40530447459908,0.23786026690591,0.151667040547361,0.292604075305444,-0.170139083618417,0.0533935213742313,0.0719546159741303
"BA2840R",-0.0336930628744677,0.30027234923176,0.0898797829544392,0.103969099111309,0.176210530256237,0.072537774918059,0.212321408527492,0.192947326396686,0.24625002339641,0.270382016583375,-0.0416231981603006,0.193360995850622,-0.0542813884371671,0.176427049456095,0.417539531232477,0.0577225057484156,0.266694882411732,-0.192628007402838,0.349595319538683,-0.0176451896297127
"BA2528R",-0.018644176552211,0.352323753929053,0.279848442323884,0.329853433754768,0.322185411870403,0.110407697057896,0.262861525797882,0.388543720005656,0.37880098077751,0.396855522488629,0.0956363228448034,0.384636088370528,-0.173507916035814,0.354749355164293,0.248985084669732,0.0908950703830408,0.233631468374569,-0.127776064157927,0.133731471616292,0.0650853286977326
"BA2646R",-0.0609875919375667,0.366419534956365,0.332285527177472,0.348033843830471,0.117925393527617,0.079514097310089,0.163614643298109,0.371705300629621,0.259503621764276,0.350335972448388,0.0371697795726065,0.141392845127285,-0.194910185237107,0.145721655265224,0.247437478972749,0.0396640681958387,0.150151957084872,-0.306558802086254,0.204218770444307,-0.0227667806874895
"BA2926R",-0.0331536690809051,0.382289490638605,0.27189400318084,0.317041956281825,0.327701349504932,0.120342101058432,0.283880933673278,0.394372083738803,0.394222022572856,0.409162034177476,0.0304391721352852,0.0584725804642817,-0.216518065758239,0.0557025905573624,0.228911068745094,0.0872076720318546,0.25560405490852,-0.161376254837082,0.123740630665994,-0.011056281425821
"BA2883R",0.0452469180362055,0.335631381659866,0.271491720460286,0.287155608046622,0.337638272783424,0.107201309328969,0.227771274633998,0.391625287987291,0.346968761113295,0.365466898759054,0.0666498401480733,-0.0139396658068858,-0.237873605114114,0.000919591790961016,0.308444544129191,0.21323818069654,0.196192914108552,-0.151323537659133,0.160087104431859,0.00816837697900896
"BA2234R",-0.0884445406931511,0.264154350754573,0.170443914304425,0.413061240295069,0.359883579463567,0.164903333347728,0.110316480391685,0.232695810564663,0.447028655923035,0.454144908005316,0.0470693813449997,0.0380396994504878,-0.230864128301464,0.0283952001794325,0.261354715711562,0.169816611519264,0.31011483468293,-0.288276036116875,0.187835286640872,0.0331968821847137
"BA2228R",-0.0579276851383976,0.342708557037153,0.306038918514361,0.333373347015431,0.397828813146911,0.165365398650078,0.216557360400665,0.408180918398749,0.428758867239411,0.42100248937803,0.10127320657356,0.298923404732533,-0.172993887736219,0.274094426376584,0.26637882695974,0.195488194717066,0.336080119118037,-0.0306558802086254,0.172676124787379,0.0637582010878708
"BA2037R",0.0506949958693262,0.367959430702251,0.204191224623445,0.245512981858313,0.260660340277388,0.176083586317685,0.272113806797834,0.30898853041229,0.387577442117282,0.358676324704737,0.0860171630489652,0.307053941908714,-0.0880109908596423,0.246787035998654,0.291757317483459,0.174043800123381,0.246297958267893,-0.2117169536201,0.145161591805454,0.0776743490532533
"BA2184R",-0.0227868813012825,0.399921418949259,0.23096641407054,0.226145714341033,0.113682220600071,0.11790654189464,0.297473395015207,0.340586038542472,0.284081082598686,0.285301439347147,0.0581300129003309,0.0763485477178424,-0.214069421858352,0.0709992149826175,0.215061119210497,0.138333520273681,0.228154894241948,-0.193630475015423,0.074291108245014,0.0349165404960841
"BA3009R",0.026125508313482,0.369333378887566,0.198582655065956,0.317438866192956,0.294817227244652,0.129883533633604,0.364238410596026,0.33124568538896,0.38897186815655,0.404435959346398,0.0658814291323125,0.182897835594931,-0.174134095964411,0.155904452170012,0.268240439609734,0.226859121754248,0.216589838252392,-0.112556783130503,0.116833959513262,-0.00497205555244018
"BA2663R",-0.0608051204311942,0.274094121551707,0.246589952287398,0.344649460783365,0.444009583169558,0.202395398347793,0.1867720710464,0.350600094817476,0.474640163213356,0.459204147715574,0.0867238768298839,0.257351127060671,-0.132843604553356,0.242839520017943,0.286991140518111,0.205162357691661,0.132223060762437,-0.0773652627446582,0.183078188377353,0.0449260733845492
"BA2764R",-0.0416776951643045,0.291877354991117,0.25906539433062,0.31144068617011,0.379909034757707,0.0908087870138059,0.168336994692366,0.376959769111128,0.405931457877103,0.39494450371535,0.104055190980986,0.310373443983402,-0.227499579431391,0.283671638443423,0.303902657844566,0.0808493634681173,0.291395557549922,-0.156966799394313,0.134404381390306,0.0642254995420476
"BA2989R",0.047588969898217,0.344453446828449,0.283436242866498,0.332461422292784,0.267306792445767,0.0910052727264876,0.281323327400328,0.396738361986509,0.339974170363299,0.376188069702585,0.0976442873969375,0.184826735449142,-0.168891007308548,0.178165302231692,0.258730514747112,0.178691604509001,0.139642441919758,-0.161390275363132,0.181629563169405,0.0293650348604646
"BA2855R",-0.061831773302213,0.308684426309521,0.287847319674432,0.327808863675967,0.432951503921238,0.164085002742163,0.173323926045893,0.374111086159144,0.44901454320849,0.437583993112097,0.129917550058893,0.258775372883257,-0.128684648311183,0.234742626443871,0.320376808343613,0.186851550670181,0.272711975034165,0.09439319163255,0.191517598459784,0.07705751509374
"BA2261R",0.0725454574620821,0.329420550164971,0.294550472448311,0.370102034889349,0.407385778726112,0.13581265195255,0.272691072163516,0.429217506300372,0.428055103224961,0.415933891103749,0.0816647035728307,0.0525400919591791,-0.0981607132843604,0.000919591790961016,0.246787035998654,0.176160899556951,0.324744528525098,0.251752565756267,0.184489429708967,0.0422531262266584
"BA2728R",-0.0146398293189602,0.308013314851331,0.208132191973056,0.292156672926872,0.419349766971756,0.1594427578821,0.231707903724965,0.296493832705375,0.458962696763809,0.438357010500309,0.101463907117617,0.262364023774812,-0.12510514215219,0.244084333295952,0.323090725580352,0.159869048286692,0.257368388846962,-0.15208064606584,0.218041458718855,0.0849735509074936
"BA2715R",0.0624573898954899,0.35476904004217,0.251814949948545,0.294441325098259,0.284170924813297,0.0760615626443955,0.250562566479055,0.409235139024045,0.363248919085855,0.364620884571471,0.0765213977228111,0.156139957384771,-0.120506925363091,0.163137826623304,0.308960412694853,0.149269530592788,0.289774002080486,-0.150825808984353,0.189526907044992,0.0464494663451653
"BA2469R",-0.0914703594087121,0.274372327756194,0.263726728412387,0.302722221146586,0.247732419937485,-0.00421688567986217,0.150749108712965,0.372204339978874,0.300247066090179,0.348934059557901,0.0423635649784059,0.0549512167769429,-0.0897586870782632,0.0597846809465067,0.287776157900639,-0.0184860635971061,0.289080506659596,-0.129795019909147,0.220480756649657,0.00865436737135272
"BA2269R",-0.071871716515476,0.255017473301966,0.221629712788848,0.313483320103003,0.408248638328935,0.132541488713947,0.161882847201065,0.310325540002163,0.449877402811312,0.434145656690437,0.0243031016882607,0.0923180441852641,0.00162619862053492,0.0757541774139284,0.329135359425816,0.150419213728899,0.238776592489853,0.243704783803488,0.250948615861979,0.024421017215275
"BA2098R",-0.0547655140884045,0.289512602252982,0.202666292450182,0.400968072953978,0.382800831040485,0.210468586036991,0.18672396559926,0.317459723365854,0.458955209912591,0.447545248657046,0.105507880419541,0.2870808567904,-0.175405147759771,0.279589548054278,0.32635415498486,0.18574392911222,0.301757195014992,-0.0894018843587011,0.240387670797585,0.132628647264435
"BA2778R",-0.0745726958460662,0.259183245153355,0.200180091683039,0.364227768204612,0.448050611114231,0.181978157698138,0.175480653592675,0.280462193610633,0.47719692290415,0.459930372283677,0.116327331875035,0.304351239206011,-0.157563692779304,0.304654031624986,0.306493215206908,0.14033845549885,0.123635955697881,-0.0633867982726712,0.263023607917905,0.1100581319277
"BA2163R",0.139977702382958,0.37640811385955,0.205124426981009,0.210000193614591,0.341956314223146,0.145436133506644,0.338878822378654,0.354299223993812,0.382716603964288,0.361030939412657,0.0424645240899658,0.092609622070203,-0.109086151143012,0.0919143209599641,0.247134686553774,0.18932617351803,0.0940298203030983,-0.243277157758959,0.0734780089347464,0.048384081945457
"BA2379R",-0.0478315968462507,0.288865894847816,0.274438675273646,0.329187399562431,0.42427049993449,0.170458912894213,0.181296067646949,0.35561959893871,0.448958391824358,0.440114548823629,0.151595714846598,0.381922171133789,-0.031084693171835,0.348514074240215,0.315958281933386,0.204033705344625,0.219710567646399,0.253603275194885,0.235658610441317,0.10498327071534
"BA2820R",-0.0512724881092743,0.320864489174362,0.21711572644775,0.317440802338864,0.406521047410485,0.17582664346264,0.23960521463047,0.337005431211584,0.458891571677242,0.44505961405282,0.0691457737394133,0.284983738925648,-0.169694760649732,0.269832903442862,0.265717169451609,0.134092311143514,0.161314173822588,-0.240914699119511,0.220845249443915,0.0821510682442662
"BA2704R",0.0124241038844374,0.375061010132563,0.21915286743381,0.294613642084067,0.115361146985607,0.0691888810678459,0.264550561497469,0.359008907852384,0.263849738896064,0.292992307260374,-0.0289640473386056,0.1,-0.195779360361876,0.0865201300885948,0.282606257709992,-0.0382129437496495,0.280136455422522,-0.328066289047165,0.162423596702742,-0.0489915699358867
"BA2088R",-0.0644344987447564,0.320510630405498,0.31785246515109,0.365149373656799,0.380526699983155,0.101518337946789,0.200233578671114,0.42300862506342,0.400696277163232,0.401244689014917,0.0855684558864771,0.434720197375799,-0.203667358268379,0.423640237748122,0.308253897050577,0.0914909427401717,0.362091296632468,-0.0460574280747014,0.166722742481168,0.0332809959064655
"BA2361R",-0.0148563889089407,0.325986899904336,0.293479277762185,0.358326395477163,0.401102438841784,0.164072047640228,0.24125416245744,0.429949430679276,0.439128156175716,0.42934284163438,0.104212238487857,0.359055736234159,-0.208041271799473,0.326286867780644,0.298037456543681,0.196441590488475,0.299533930283313,-0.142147103359318,0.137703508476794,0.0291687695097105
"BA2492R",0.0123017878197262,0.308525799964858,0.222083450275985,0.249528548471413,0.372347315027982,0.133586533603375,0.214430030627135,0.305301877219685,0.463969528515545,0.450562449697718,0.0694149980369062,0.215913423797241,-0.198237350230845,0.18687899517775,0.265246159022093,0.0108448768997813,0.223259632447427,-0.126170713925186,0.21800407484252,0.0798145759733827
"BA2472R",-0.053510270539073,0.309116378048066,0.237140986060436,0.339334740266027,0.351627454283415,0.10450448894282,0.213548097429566,0.344511814756594,0.382667939431374,0.412351432796152,0.0482864995232486,0.180890434002467,-0.185816557318828,0.183402489626556,0.2975776606482,0.142322359934945,0.251361494686601,-0.216098368010768,0.181928634180078,0.0130469728406138
"BA2082R",-0.0354516069523649,0.376669237226919,0.27597530171204,0.298613719529904,0.31828476238606,0.165538133342546,0.238573620041798,0.354367841904334,0.411475471203699,0.414895090497314,0.0741039878849067,0.282976337333184,-0.168919045215798,0.263440619042279,0.311416395648761,0.163710672424429,0.220419360760397,-0.198530648869946,0.180620198508383,0.0404493541935363
"BA2879R",-0.0237934823584141,0.354278518576365,0.246414538310413,0.30482100331081,0.427493589383645,0.0848343258380871,0.231411253467601,0.373295988555364,0.431411084283228,0.425984988863309,0.0995288574793876,0.264741504990468,-0.174750929923924,0.283851070988,0.32528877425143,0.0373927429757165,0.119439288555286,-0.0703129381414391,0.225985532439859,0.0516364791865269
"BA2577R",-0.0457241512067181,0.369531051717069,0.285003274394237,0.260219946175144,0.156873865274112,0.116524664354901,0.261976920075472,0.349204863970191,0.284899021094203,0.289144065734554,0.0565371024734982,0.0627789615341483,-0.200302809398307,0.0733542671302008,0.272075810250084,0.130755425943581,0.331796765047831,-0.14392069990466,0.062047888745584,0.0149442045645714
"BA2563R",0.0308697674791663,0.369699439682942,0.201555337262606,0.22715251021317,0.125107155558051,0.0534657056859942,0.240492492877721,0.337003351880963,0.27475246598162,0.310751118348401,-0.122665320545179,0.044544129191432,-0.185732443597077,0.0417292811483684,0.282617472244028,-0.102167573327351,0.0482234279070716,-0.187566597498738,0.216546103665489,-0.149171012542291
"BA2414R",0.0913099448976155,0.356765291579626,0.229268406773318,0.301841274758466,0.291562318677822,0.210174937059797,0.269310328239501,0.379113955635402,0.384344994104105,0.398382840137009,0.0375007011049414,0.00477739149938328,-0.237929680928615,-0.0169339463945273,0.271391723673881,0.238180696539734,0.231025761315194,-0.132935617744378,0.168601282266958,-0.0122712574066806
"BA2999R",0.154693728594689,0.365253021221765,0.249464402656937,0.259317702182036,0.337290134201808,0.133629717276492,0.333017975402081,0.371025359516265,0.37623299080989,0.37104085949052,0.0209490156486623,-0.0227991476954133,-0.186255817865755,-0.0246159022092632,0.30343164741505,0.212509113341933,0.127674546678361,-0.192571925298637,0.157554346810221,-0.0104768313426419
"BA2644R",0.0210604201256046,0.357707288026395,0.235557582561512,0.27479912486205,0.399298107698355,0.233159447076249,0.277009872306763,0.347730618559273,0.444346491474348,0.432229022778745,0.139508665657076,0.414747112257486,-0.146002729022972,0.381686665919031,0.274060782774476,0.229943637485278,0.102530238440043,-0.091729291683024,0.167302192564347,0.0853286977326678
"BA2217R",-0.0461151615775163,0.374194666250171,0.232514734774067,0.181846695967008,0.0719093342317555,0.137574545815718,0.256196248844133,0.303239181242774,0.242596440002246,0.245724072098377,0.0403387739076786,0.101513962094875,-0.228565019906914,0.0952786811707974,0.27067399349557,0.197465088890135,0.246384645195505,-0.134632101396444,0.105553374829436,0.0239537187610983
"BA2135R",0.0880856132245723,0.362263524726187,0.216755543081673,0.304908129876667,0.324584947685627,0.101922105290432,0.302596625135631,0.368854538347015,0.367125236303741,0.370522395043704,0.0754669358909642,0.187305147471123,-0.129880932353876,0.164797577660648,0.268509588426601,0.0846138747125792,0.137811817977849,-0.0921148561494027,0.197293407353409,-0.0145703658012299
"BA2914R",-0.0535764415249003,0.323526971359403,0.223762746748994,0.342250576003408,0.436019241207629,0.124235109189917,0.230280775459808,0.325278006504146,0.439923634117581,0.442671308514421,0.0563351842503785,0.191005943703039,-0.212574066804987,0.166356397891668,0.281989458338006,0.0595171330828332,0.16360882778877,-0.101929224384499,0.216265724592983,0.0302996317688181
"BA2500R",-0.102119877764143,0.326001542336151,0.330816727476845,0.319487308563573,0.179869728788815,0.0733086034831951,0.136552656756945,0.382411774001713,0.328697100716866,0.38223557377356,0.0230691569914184,0.147874845800157,-0.192685844595226,0.118728271840305,0.265212515419984,-0.11890107116819,0.176662859240826,-0.271998205372666,0.230237948372867,-0.0258602964541393
"BA2406R",-0.0146298034120167,0.299791589387165,0.272597997941809,0.337832291041453,0.417914163250791,0.150659198770129,0.227410483780447,0.374880438489242,0.465231062945702,0.447925206356337,0.0750462729261315,0.300100930806325,-0.133030523935027,0.264079847482337,0.295043175956039,0.0894509561998766,0.29874354947274,0.0215986203802366,0.222583599693452,0.0540290472719116
