"CCL3","CX3CL1","HGF","FGF4","CXCL2","MMP2","IL11","MMP9","CST3","TGFB1","SERPINE1","CXCL12","CCL2","IL2","IFNG","VEGFA","HBEGF","IL4","IL5","FGF1","IL1A","ARG1","TEK","IL1B","CCL4","IL6","IL10","IL1RN","IL33","FGF2","CXCL9","EGF","MMP3","IL18","CSTB","CCL5","TGFA","CXCR1","CXCL5","CXCL1","IL15","CSF2","IL25","IL12A","IL13","CXCL10","CXCL11","IFNB1","BSG","CXCR2","FGF3","MMP1","ELANE","CFD","IFNA1","TNF","sample"
1.62597519717383,0,79.028721431693,0,1.95483391462798,0.0430161309069576,0.264570086694734,48.7453234276884,95.9531143276603,466.267815802063,2.08463312470362,0.032953591412688,0.366159530836433,0,0.334325205694702,6.36858125354145,34.1564911800294,0,0.0638190138865518,0,0,26.5472142433571,0.0210693080816135,6.02121473190719,3.83440279088403,0.0468488572201209,1.04900115639871,14.8545505894995,0,0.029765315695948,0,0.0265382684908419,0,90.8038488400209,104.984886503799,37.7708435603022,3.47888256417898,4.44547834509951,0.124651423674964,0.594519565486468,0.0642565744185317,0,0,8.18019388839041,0.105178686550819,0,0,0.36191998578333,229.926068505563,8.4085025695168,0,0,440.707291015314,125.324184824084,0,0,"BA3379R"
36.0866814565345,0,1.73401151868269,0,150.118312439756,33.6454405010434,0.720513765679858,85.7582292714045,33.6895611845819,352.225143660357,1.33066478390655,1.57051592421509,0.117314842042296,0.507158667005904,24.0875658024044,8.15616989355764,29.0018768536468,0.27683441384371,0.0715650124060033,0,0,10.8949749260799,0.0708797520873779,36.3252016011672,22.8268866813413,0.472816008832812,1.0456205405428,56.6294671468241,0,0.0166890324475697,0.0411090581948284,0.327352702264062,0,8.75774435503269,91.4230496550212,463.577898097183,7.3175043252526,12.1395099002714,0.0931872821641389,14.250264871206,3.02633862772263,1.00826747174042,0,5.8057345102773,0.66835326099434,0.19319508029944,0,0,331.822826748347,26.5568097312672,0,0,661.359569026039,182.177753594245,0,0,"BA3124R"
13.0442419540804,0,113.935334591937,0,11.0125872737646,1.28374632779702,0.0727710884219419,151.333085734694,108.303147541097,409.733667133442,1.97597946559149,15.5289332836796,8.00673772409295,0,0.563239811543238,24.1524927876792,36.3039140335237,1.0694687641132,0.0614378861267215,0,0.193238447986079,62.4866217061302,0.770761557261709,15.5114634307589,18.4566939916286,0.157853138574141,1.52601408175833,29.0703543010809,0.149770192740517,0.0143273764736039,1.55283645254152,1.02192435654935,0,31.8692112331006,150.39263547512,32.3611002865338,2.87347379958555,69.3456091682454,0.280001400566035,27.0429546520254,0.371154725991545,0.370966322577336,0,1.24604203832456,0.23626027425662,2.65369838017308,0.437688882187446,0.116138840759214,385.020051717765,47.3256380916883,0,0,15796.0698290072,225.4316226577,0,0,"BA3395R"
74.4680783548302,0.0147681947506207,44.5732675776645,0,287.602458641044,0.729434591549997,0.230070606794584,8.28940794392719,131.918094546839,491.517193286949,1.61757590665227,0,0,0,4.65167647041847,8.27059840674774,99.1752932322588,0.107339561845975,0.0554971252923705,0,0.130914884551859,10.3527773890381,0.128253348250603,73.5973402577827,8.09083159763813,0.0407398475879193,0.648684961501241,14.8504600025792,0,0.0129419851071459,0.0318791889582396,0.242316105792828,0,123.259605268167,89.8494812686926,49.9459480296213,0.698132842756617,1.68233701242126,1.91501533572499,33.216944586521,5.28602367414676,0.335095586473476,0,6.34813306426171,0,1.12363966868553,0,0.734361245525503,243.674411129303,6.65478565445831,0,0,227.923238501817,507.485861144664,0,0,"BA3243R"
46.1701126774611,0,1.93799010598596,0,106.545515284445,2.68827329070324,0.140596817388259,2474.70505874206,141.650029508556,457.474320707966,5.46404850603032,8.06605978328076,144.88656797349,0.269181967446476,7.21323206078083,37.0178179862114,74.321433801067,0,0,0,0.336010361198991,384.493202165123,0.172427187619623,32.1585899568627,20.55642960593,3.45061878450451,5.49775650843598,55.2173027494507,0.0925959488387969,0.0110724386697767,3.49107855498855,0.335648175585626,0,18.2694472969182,84.8677692898,153.754164420768,0.949527483094447,17.3330089274192,4.97696573000714,50.700038175859,0.917870863095804,0.0955630144583142,0,2.50370209747051,0.182585932716336,0.70497039091461,0.507380047567557,0.179508117742912,207.843543201469,5.76375209294191,0,0.0275031612100627,5544.19500202925,189.418930755161,0.0857672612678264,0,"BA3407R"
14.1965611856891,0,7.23053787926232,0,178.591632470178,163.416632622324,0.482434328476501,85.1719633029326,28.5315087166977,183.561901748577,1.60335021092161,52.403247648592,4.22863453945587,0,1.86699296482669,4.58824097412366,3.99686353439988,0,0.0678835188976497,0,0,9.80080158462273,1.77048243479644,103.512733130957,12.5957018406971,0.199330267941074,0.0247957763638122,2.30665797475463,0.066193213016706,0.0474915134414082,0.233965797113377,4.05078079429339,0,114.68927032491,51.1596955420137,148.550041897865,4.46681009522497,4.37833513508225,0.132590222871518,5.61240200366281,0.546791574259382,0,0,14.1531754832326,0.0745848707805143,0.366513228839736,0,0.256646629253093,265.868306292654,6.26416608640409,0,0,564.813196906838,14.6867374702831,0,0,"BA3108R"
126.934920884669,0,73.2434560362694,0,132.688610173164,77.2887167558345,0.08360605493434,38.7698384476365,59.4890962703052,511.656812419283,48.2769070928985,0.0546712555219346,0,0,1.38664542803982,2.8392456354994,37.5158543719717,0,0,0,0.222009930703186,12.5620452373651,0.0233031864190427,262.143298187835,19.8950272483058,1.01041235702989,0.335175172326591,5.93620902418375,0,0,0.121639088254706,0.366899933000398,0,118.695500143055,39.9582629163597,23.062705735733,0.660261687849371,1.13815074783531,0.505514607195359,12.9866844302635,4.3778745972043,0,0,17.7514257507392,0.0775535209955534,38.3959562089394,0.377142641966585,0,188.700890850517,1.497755390465,0,0,97.7915951228201,198.095901436265,0,0,"BA3195R"
10.4980425433553,0,32.9275140402645,0,19.7695883404321,2.79233148225358,0.316575006757218,468.714910807262,128.047628210324,583.347663283218,1.7192149416392,25.0623924542085,0.701013224265285,0,1.47015237242051,22.2301246821053,81.5180642399835,0.10338876440193,0,0,0,80.6525547341277,7.00607376423905,37.9518198180486,6.8956561973254,0.706326388601014,0.527182690893307,89.5467421470259,0.338802406555357,0.0498625418671271,0.214940785102166,2.75631084540857,0,36.3198180727426,101.672661845361,195.911096791646,7.70716243723481,125.358141049062,7.6565406806684,55.3987667111077,1.37781674855594,0,0,3.25238312568732,0.293657037788649,0.360760794934395,0.0476017893372167,0.202094843407826,382.790230710176,77.5512237772787,0,0.0309637643570427,12432.9575309719,215.024744762919,0,0,"BA3410R"
8.05518974303208,0,42.5029530224207,0,17.7953832913653,8.91816667543547,0.15105281724214,47.1881629480043,49.2361149689512,239.315884642544,1.21765992504984,1.58041130877207,0.052263494131066,0,0.751584434593324,50.2741060109679,1.35290784138612,0.616645494778127,0,0,0,150.487066920329,0.463125925303805,59.5889809928965,4.67619970747625,0.117021362119432,0.0465821562153905,6.7979633495037,0,0.074349258302906,0.109883949087591,0.676143539371297,0,48.3326975523217,78.6524576996492,80.8149183625645,8.59716940370758,20.6454616893427,0.166058885293289,22.7208058075958,0.796095910475367,0,0,4.50040814296384,0.455382124997217,0.0860679669307343,0,0.120536187298704,295.789965074188,39.0171212875171,0,0,8007.3600949859,1466.82800247301,0,0,"BA3206R"
48.9606141374397,0,1.22273570811181,0,96.2781448113871,2.32424409551012,0.283635505182937,810.30098464757,123.717366484008,390.283306733422,4.2840464877257,5.45292144473447,14.8382265492819,1.01819823442347,20.7613226451898,42.0816934628566,181.282056863913,0,0,0.0152525277686728,0.414245647579522,355.929248769052,0.632452858351295,25.5463872872869,10.2828378573714,1.65239835664687,1.17207701872302,80.9617572003755,0.210150105930499,0.0781801379232368,0.467685259288605,0.18919692940113,0,21.2856197505693,69.3320906234541,241.627548080345,1.26673220248428,12.2014019413405,3.30521525391092,167.25169403501,1.73595300810542,1.73507181368506,0.055565170656906,7.26550844493822,0.552514497418705,1.93934267969338,0.682381478162745,0,461.67702994509,9.64240697619793,0,0.027741997183342,7299.83456703504,89.5363650721472,0,0,"BA3202R"
31.1485711844113,0,26.7037450854834,0,74.0040341230773,176.107013617712,0.671219775416275,4.23219009936058,220.30542960741,534.497361419642,27.6868704890893,6.97396217577634,0.412868575036413,0,2.80373901234988,4.90628327143893,39.5108494756994,0,0,0,0,2.25017094607779,0.22866120992012,15.5319676047472,3.83872895515228,0.323553856102073,1.01196540990904,12.222068042375,0.18419167522951,0,0.144675967529058,1.97682886400456,0,72.7597655823408,64.1088648928519,74.0183834599624,0.670218701925722,0.0812221119047845,0,1.39309041494252,0.329663185787233,0,0,6.43615647567954,0.691808705139817,0.679915483145072,0.168213228388994,0.238051457894952,237.405329769704,2.05069406183495,0,0,81.8912067050429,906.89290679332,0,0,"BA3217R"
11.8806861526476,0.0385104976684844,46.7846674269542,0,96.701567550325,15.1356784985819,0.314257932181458,61.6383375296864,92.1053211328109,272.042371548709,0.678773959750388,196.792341798901,7.19605633608241,0,1.95849148065763,5.38113331475595,38.1258220173031,0.0933018561399053,0,0.0153629562318719,0.0758626891767202,207.559838958553,0.238886933913579,12.5351307288528,2.98358024647942,1.9299513774091,2.71353256410577,8.01136612629256,0.611495718691294,0.033748355551267,0.2771007679635,0.070208790540516,0,43.2612591006318,28.1458329237227,62.5970634829546,7.3597839988659,3.54691236761218,0.251256229999088,36.6247462310124,0.20399415473961,0,0,3.48295113099247,0.0265007003930455,0.195338354131206,0,0,369.237977551912,1.45207182455447,0,0,42463.9818627175,869.526083763164,0,0,"BA3371R"
17.6199570377286,0,30.417916045608,0,44.6782437738955,2.98333654221465,0.0595745712865016,93.7369920226702,66.6407911139501,353.516582882883,10.6411019490036,4.10343983412497,0.371024888151747,0,1.25155794227902,16.947952049113,8.00371414240391,0.19456183159177,0.100593128565732,0,0,20.2751139870576,0.797039310101172,114.260622334934,6.31052358511022,0.110766513704178,1.13905153363952,4.3794649023268,0.122610437984362,0.0234584181598664,0.404485662200927,0.219608989250805,0,41.6153193645368,17.700866196787,77.1386311631329,1.96302877064627,7.59099720329988,0.0654928989758831,1.22993933186868,0.577312087899907,2.42955383612058,0,4.0803248569118,0.607879362991952,0.475227622696493,0.044789641186202,0.475389457405397,332.244053390508,13.8493639799518,0,0,1570.03259807828,332.025437655951,0,0,"BA3413R"
102.05832175285,0.0105802630091676,47.9613421892703,0,169.46372448329,7.75834993679475,0.117734069332784,1552.65033555538,124.738696055382,301.304626247008,20.3401198194749,9.54652153788286,0.228118125448307,0.0563524285385515,2.08285276745299,7.87410285478621,14.615200234617,0,0,0,0.0312634444891617,414.497227967664,0.249398206319347,34.8298460759622,7.93938220770387,0.218901993293124,0.246889048385275,60.035483820472,0.290770216114229,0.00927192582482564,0.068516878885881,0.314134500041464,0,71.6759409865899,89.4324146859882,194.352915773917,3.70629819351448,9.59082125171007,0.0258860293656154,82.1332922220631,0.400319753267135,0,0,2.25784436185409,0.152895245148069,0.858667132386576,0.106218474230161,0.0751589601128,267.177361222479,33.7658526842296,0,0,7889.22745499275,361.007419857274,0,0,"BA3411R"
38.1426299476501,0,7.03942040155462,0,45.1238372755406,1.67560360473878,0.0392600974055301,134.393699907577,49.8790034747431,746.535178549686,10.7603766461341,0.0684607135614583,0.543351632310127,0,0.0868196043369196,22.7675102323145,9.35346216275403,0.128217732746353,0,0,0.104252395490342,323.754686634422,20.9883140460194,213.771217325555,19.3876640791171,0,0.0242143115734707,26.7773841323677,0,2.70537342289394,0.533118280307184,6.21624042006507,0,55.1321484851613,107.978048889619,87.4869823072074,2.7583631828166,42.6711117406692,17.4799298214548,105.756094689613,1.28152614547904,0,0.153823761305062,11.0785367854291,0.0364179220131658,3.13178632325135,2.47940410768355,0.125314113053647,274.483460884355,75.1410169063678,0,0.0383997592593169,1301.14058046621,48.4631997986711,0,0,"BA3133R"
56.8915874598329,0,6.43993105100675,0,4.8925035179439,0.549457665514323,0.0311468329026284,96.4442214059323,1005.80316077748,611.73337891235,0.264294101752975,2.62060315367981,0.301746010125412,0,1.23980341307869,9.21910425671234,6.3883508493417,0,0,0,0,12.3293734440479,0.104177208800881,18.0460961289859,5.80858067640938,0.0965184199412622,1.28709158000622,67.148934882377,0.051282642799409,0.0613227602655777,2.41684081168385,0.0437394958118714,0,40.6009309308203,164.265304780086,179.480884410818,2.30708271665659,21.2004927087329,0.102723175508915,2.75587726365326,1.02728392531541,0,0,2.60260067995272,0.0866760150813011,18.1020091241497,0.983512402458178,0,497.106696118963,60.261620842483,0,0,224.512491854214,1592.5211191389,0,0,"BA3451R"
233.0027335726,0,101.562345919776,0,80.5501145314006,8.54183068421997,0.205621938268894,4.32164030930728,240.902283100111,433.011411383533,4.79817098980123,0.014939919439039,0,0,0.682067156090955,12.3949329947487,28.1466633209207,0,0,0,0.0910024046742849,17.6189923833127,0.0573121930353974,122.337399678405,4.95947896159308,0.106197552781782,0.782061084573608,17.9176886470589,0,0,0.0332401032647651,0.348912143196968,0,42.8405086136829,36.1409573715415,157.109080015563,1.38121180769518,3.80689075300108,0.113024538317754,6.46878767323463,5.17375707854536,0,0,14.8813136885643,0.0635787496460106,2.57753662022344,0.10306111747784,0.546936383277809,343.152219773299,16.2192674128069,0,0,1869.88983610221,878.383441685305,0,0,"BA3286R"
51.3580297359319,0,19.8355197395531,0,44.47436148895,71.5503822828963,10.3885036476718,5.55207988938256,682.764962436898,472.366818482778,13.6147598220121,0.11281705901359,0.66515005653498,0,0.735792938738276,10.462384253331,112.316071496488,0.362213515777257,0,0,0.294511733205107,3.03395307792397,0,23.7230391932901,8.60433666448036,0.0687375799438442,0.319223949111232,32.7718838163333,0,0.0291148441834388,0.179291973281028,0.194687390493806,0,39.1839476018437,49.5747802664289,136.313373840749,0.362434512431179,0.0805246259827439,0.528351953774707,1.59920015286875,0.175986590533389,0.376922694082932,0,4.96291187175795,0.720161267946469,0,0,0.118003608636214,215.803172528043,0.616086046333439,0,0,3550.50520349169,1444.61296389423,0,0,"BA3103R"
47.2026271300306,0,3.17423941467383,0,38.5951313650142,11.5166229492196,0.0900798919856276,195.520667835197,382.370826480204,586.086160952347,16.7141393835876,0.0785394597875666,0.166224944521971,0,0.664007571531822,13.2839428673972,40.0174045370586,0,0,0,0.159467162940017,24.6415932854901,0.0502152270477749,39.951784242005,9.90022341931103,0.0930471151498538,0.111116513467301,16.7326173650282,0.0247191260106067,0.0118234549202328,0.902843471310254,0.0737911927618675,0,81.9855883760497,124.578846822474,116.785057773951,1.68443474516735,10.5950657501631,0.0990287154094872,4.60505339146496,1.21495006508227,0,0,13.9845768543485,0.334234777606527,11.7708480927239,0.496644854597159,0,304.445472611011,31.1987903515532,0,0,165.672343599886,547.752336988143,0,0,"BA3271R"
15.9262333392636,0,78.2860893815831,0,24.1062244629226,2.12391881660299,0.264235281934972,98.7520546734265,369.177109917349,250.643254609648,1.45739656294108,8.25059935531341,3.83980976368448,0.0790462561463197,0.730410905266158,44.4010670076425,95.7005620838502,0.107869220277722,0,0,0,125.045655740962,0.25777240815742,15.4623303722788,2.51314250251494,0.552701813688673,10.4098020913798,64.2668290259872,0.0543822690610093,0.0260116925827766,0.352401436763871,0.602981587918465,0,28.8957003048751,241.760118372658,19.5841156228556,1.97880896258908,41.0789152650954,0.145242628288558,35.3291496192996,1.15675905848862,0,0,2.94088462445144,0,5.04368932941108,0.446981945900946,0.1054264131439,360.758328146468,49.1526541633879,0,0,5384.69086852537,757.054430895217,0,0,"BA3152R"
35.7474895410142,0,5.54524599369232,0,642.184704813726,103.841178409399,0.252440180061992,17.1985370424231,112.044653643629,452.9681716987,1.59124613953978,0.911839690424616,0.0998205688011835,0,2.31272965246838,8.27166729883718,29.1021192922895,0,0,0,0.0957624197472931,8.92210998855554,0.100516653117345,47.084605936297,6.18734598119314,0.178803796001194,1.37902736516329,1.03456240294746,0.0296884107946957,0.0710016176408948,0.244851431440064,2.22829659877629,0,65.249314608313,63.479597433422,64.0066465431753,1.2177622167051,0.86404262177031,0,24.8177240163735,1.12811437645929,0,0,29.2446184074506,0.234165154903365,0.904119492311996,0.16267782197947,0.230217879177938,244.872982419705,4.95802926322307,0,0,320.167677309352,454.142819743771,0,0,"BA3095R"
11.103939138886,0,0.414331969382751,0,240.827906820583,130.723754386343,0.75447716530806,8.01203617002337,155.555802866697,376.137695162274,1.88692267905608,2.61396340852611,0.824353263441446,0,0.351252092432523,8.35640922290869,31.902471295184,0,0,0,0.15816792907875,1.8690046274781,0.265632566987377,14.0657843973449,2.31048538628073,0.418376928194189,0.612284494380162,1.25308760666675,0.130761230844078,0.15636166884862,0.192577998884365,1.08739414482798,0,87.9308038001615,37.9569548986495,230.38074945569,0.432546556778306,0.129737581517625,1.52789613482682,7.65159615009307,1.90377875936217,0.26990246442626,0,29.8626713402489,0.994534955513182,0.362013858668754,0.358253467660684,0,323.236975270126,0.628652722058178,0,0,877.938631265325,1227.37358853474,0,0,"BA3192R"
51.9831797584761,0,11.9820705949043,0,83.366745303962,44.386469916778,0.391367409960922,13.5048227348664,227.446824143904,433.650318074038,8.43513335438335,0.426535049599279,0.054164440510354,0,0.346187258092601,10.3929404273136,76.6607079436585,0,0,0,0.103924831321304,42.9812776352667,0.349069749833588,24.4169301640618,2.45233653497296,0.1940443274937,0.217244065289685,15.0167067293335,0,0,0,0.0549597233285448,0,37.1354938862552,73.5187393316942,21.8222336056158,8.09988064007795,0.426222823861468,0.473271804705617,18.0066938463166,0.944817376779454,0,0,18.4419530339192,0.762373411894088,0.178396923212825,0.0588479463152919,0,349.629501903008,1.40222534930429,0,0,5847.23681888123,1481.26605896882,0,0,"BA3251R"
162.61987839885,0,0.887856056977596,0,0.353944824185673,2.19053187513976,0.0307950500505085,9.74378585348128,408.764072703685,708.188614633687,25.921860229081,0.187948562020782,2.85552074954137,0.0736989669662751,0.885300472715445,1.18866204416426,27.6643984840694,0,0,0,0.0408870322435607,0.148660016287088,0.0686670641425994,22.090438714663,3.90522409080627,0.22902793992667,0.15194683378215,17.8013203246977,0.0507034393084918,0,0.74673256098571,0.172981948684346,0,57.1743854616825,73.4396757102332,236.826713479561,2.98546016641786,1.17381864222618,0.135417313686801,0.847700452638521,0.0523547130746964,0,0,0.0843674107777615,0.0571313779253632,1.61428962792427,0.138914897308133,0.0982945697678925,473.478913185699,26.0442380820755,0,0.0301202133072541,23.906425021895,845.422132775124,0,0,"BA3362R"
11.1642201181346,0,30.0204104375384,0,4.08898081942678,5.8738407410598,0.0292407704868622,479.327352448296,416.726389585923,255.720589422465,2.05939892876959,8.34949423788054,0.566560706508237,0.279917009343403,0.775954913596866,8.23168112832863,5.10696413242285,1.14595292727537,0.0493737600024067,0,0,278.502539119984,0.195603955113615,10.1494335366862,1.70137300901887,0.163101377059559,0.162312540367193,16.420517239922,0.144433046474916,0.0115140101990615,2.15549276915976,0.102657031153405,0,33.0361439220096,43.5545758563712,76.986361063694,3.69476789514044,8.66183207603019,0.257165134199728,18.7430333161559,0.0298273679648871,0,0,1.16158399874716,0.542478582361046,0.733084780427223,0.131903621612269,0,390.984457723504,4.9459480469368,0,0,13605.2703920668,452.740704035798,0,0,"BA3187R"
20.8200685380644,0,74.0982612308143,0,226.638853062416,14.4287152168591,0.403046916167665,12.9795349168188,24.3205391369626,348.934028488629,23.4738025501279,0.591009822494032,0,0,2.43080769048196,36.4249286542195,20.2482486714397,0,0,0.0197035348940673,0,4.86417143531774,0.142977774023144,34.1100995500126,8.69172869070772,0.022708540562938,0.542369067374233,4.57244431076786,0.0301640343598079,0.173133839916109,0,0.501680721961949,0,79.1015615824014,48.8827442151099,81.0023298004284,2.69405867587583,24.6605885040168,0,5.9075884796926,1.39535850971495,0,0,22.1844669398594,0.237916600764526,0.835094500191107,0.0550946680361904,0.233906087657819,234.537178777077,35.5369865560478,0,0,21.2855677444139,57.9134361099253,0,0,"BA3435R"
13.4030117619431,0.0357420026637566,23.8184002125261,0,68.1884801892027,1.90117681827275,0.397726541964133,1635.92217228053,98.4086586204433,484.195070424009,5.36605693984194,35.3361159462206,1.98160312442781,0,2.46268596388427,6.7238357696288,1.28240871095913,0,0,0,0.0528067267912716,232.126186637288,0.221713505283087,5.59280974882126,6.82383527179354,0.246496570094873,0.613260985363858,11.7806942577375,0.098227329792187,0.250577663138938,1.0415796937073,0.404932337467468,0,37.7797770344365,35.6462558391026,49.8978272084888,26.3407728721988,2.68551948440654,0.918199723603403,15.9532145810212,0.797887113806716,0,0,6.53776989900735,0.368933730301333,1.81295605000842,0.119608273933739,0,336.529966782813,15.1448673763732,0,0.0389010839802757,1186.02464920839,97.4887697738302,0,0,"BA3261R"
24.9456281472085,0,8.01644227435462,0,75.5858128743283,110.059081990282,0.132855775075011,11.613363497808,62.9394954726797,303.057271890581,58.1988067228347,2.66420921698526,0.781445996907615,0.0794878833000176,1.39553417575696,0.530069777665712,38.3751018135145,0,0,0,1.01426854362546,0.921937653218816,0.12960628432328,186.93933449453,4.36062999683528,0.102924023851793,0,0.881370335369745,0,0,0.0644309608205141,0.967828544475057,0,95.9466047484616,74.0467056067203,74.2093983340726,1.23009803051961,0.361719973211548,0,3.72244908995964,0.22586831237359,0,0,23.3855385606844,0.0616189410548803,2.95228145965623,0.149826403278023,0,281.235813624781,4.3449501561285,0,0,91.0235237025108,390.378242866936,0,0,"BA3317R"
300.06163501816,0.0383693890846131,5.08806503546722,0,32.2247976480872,13.7681913233213,0.256177997323705,63.2072174193918,1371.09829481188,391.388301301821,22.1725465896559,25.1650226023674,2.75757263154188,0.0681208099327656,1.32185872222135,19.3275084696642,128.744913340991,0,0,0,0.0755847162268366,11.6796950640018,0.507758110339815,72.9845542614946,7.81381742725165,0.635079543469459,3.89738262595066,19.5977768779256,0.632687989701398,0.168123481064766,2.09824924299968,0.0399723053564577,0,13.7823434757214,86.2980773534307,59.6852162640533,4.71284617443329,1.11597344747114,2.09656054314008,4.47736777179235,0.145176205525834,0,0,8.14909562137383,0.13201798807545,63.9010881021645,0.898804555087063,0,292.106442804203,1.23329610714616,0,0.0835213874887853,3150.15521032116,2030.0834322343,0,0,"BA3299R"
159.582037961363,0.0133564646174427,4.26059306886275,0,66.963466555845,0.930354675222635,0.059450731232232,32.7823446119008,543.667003995203,420.094367062282,1.2863849762731,20.7596379049607,2.79747182437064,0.355694946916705,2.03777077020538,49.0998484995324,152.127183742958,0,0,0,0.0394667967872874,9.9729874246726,0.646248258883927,16.3494845450762,4.16870514611482,0.276340647257436,0.843346001731482,39.35456902931,0.783075601548932,0.0117048271018907,1.32626162242597,0.0313074970319711,0,11.9177605976138,111.853079237898,53.9840098504118,4.85689622452462,0.615081762211961,0.261427025024495,28.0544596017475,0.242573476241621,0,0,3.86825077565016,0.220587541724859,1.21947363758234,0.357572281279994,0.189760498498113,370.472775743655,3.44275966013511,0,0.0290739697297146,2673.87586625697,4367.12723669317,0,0,"BA3347R"
98.9626960924405,0,8.70324225265502,0,44.5995832524624,34.5329003360206,0,0.0991003133057415,503.554232282285,415.618941430687,0.440110897114472,0.0753697971291591,0.0398791269392269,0,0.573488848593424,17.2341746623327,69.9914689035183,0,0,0,0.153031453896686,2.99066494545144,0.0321257746159051,24.0807503752517,3.91204237721101,0.553610143357909,60.958028432058,62.2040688239116,0.0474430437303437,0.0567314443665667,2.59922067669271,0.020232331050709,0,37.3241072516426,135.12518204025,17.0851652562141,2.99750399223798,6.99798400565722,0,8.78175267786169,1.71458473334125,0,0,0.6710096576296,0.133644112621067,1.57615885536825,0.389946656735899,0,248.964631254644,25.0177620640184,0,0,817.975785512472,1040.21445167535,0,0,"BA3126R"
30.9630224333072,0,1.16842869627451,0,22.7272640672983,34.8863416826357,0,29.6831534554269,223.628665309001,500.028762056368,71.5428017249935,0.125767347977887,0,0,3.74810843058665,1.11088753284833,3.77896704763773,0,0,0,0.383038581372414,5.91888684843565,0.24123297833935,99.9114735954411,6.24096817276229,0.0223498269679518,0.0889669298282081,2.53460445318558,0.0593751013393912,0,0.0699555250478231,0.72164333150572,0,98.9091635364649,48.7802429279823,189.607116595144,0.687426496135488,7.97252593439997,0,1.70173748596511,0.232973393123651,0,0,20.4508804930983,0.10035358745603,0.821902998540594,0.10844873927964,0.115105604682384,226.373070555489,21.3639798555002,0,0,234.857982316439,751.18113890407,0,0,"BA3089R"
8.03511809272031,0,8.78426140147775,0,44.6958417775651,27.2094436730962,0.0766260471874287,2.50356583882111,69.2813716752596,424.303167104531,1.49547045325174,0.0835115392999895,0,0,0.338900998130362,0.291503940443673,8.33857971762676,0,0,0.0206028669044111,0.0508687541814413,3.42161717513004,0.106788381748509,25.6420446800742,0.800240601991944,0,0.0472603764090129,2.88517383618547,0,0,0,0.174859675326635,0,73.2592075094736,72.4581775003563,120.805907006929,0.187801605583832,0,0,1.80796964200823,0.638333110971862,0,0,13.1204958035764,0.355394101780281,0,0,0,220.392849813456,0.702318014327093,0,0,308.006446877162,71.6748580988109,0,0,"BA3423R"
41.2629529791217,0.0147763307168763,9.41800565043614,0,19.7804122723827,144.526329934882,0.230197355305481,234.455584049825,820.910477552647,375.039933182873,1.89751309028378,0.45875660008508,0.591664136404948,0,0.50905740504383,5.31538333893836,16.9064944600878,0,0,0,0,55.324606541316,0.10999200383753,17.5899719423803,4.12123800005401,0.407622916327622,0.141978009559668,20.3303949074896,0,0.0129491149937631,0.446554521918202,0,0,27.7216443299492,37.9909169809462,61.7243299892881,8.41803083264467,4.04699601919554,0.0723045411104948,10.7982213576515,0.111816824622375,0.111760064812922,0,18.0638564501819,0.549083740667297,14.0907089716132,0.44503221766044,0.104966544782578,377.842616224718,3.06891607969174,0,0.0321646935984597,2153.35640023389,1431.93535891394,0,0,"BA3277R"
54.822963654809,0.0159982943527835,28.8894453483392,0,224.392671664607,32.6004852225301,1.49540442210186,33.7561271409768,123.57233026142,439.619992960059,5.98202382757692,93.0526219898788,18.2815444656852,0,1.25978311270143,34.357919657783,456.371732199599,0,0,0,0,64.1538092264473,0.317568141024445,97.6947621396491,10.252099180011,3.17759225765631,1.38347295338166,169.198715145688,0.0879340617976542,0.0140199727014542,0.863363222949925,0.112499804546842,0,24.1943341652406,68.2412500532184,118.278533510016,4.14986059575233,1.08572401854108,1.6048206929582,134.973921154562,0.835340092640768,0.484009311383704,0,1.95089175125503,0.264218453322036,7.0599451811109,0.588909701161419,0.113647001600226,209.562447140459,1.48335149879573,0,0.0348246290513476,3427.49263469039,405.892391626679,0,0,"BA3210R"
29.6229566146778,0,17.2485665143679,0,31.3007853823435,34.7236173910846,0.310056769860797,26.3033262828998,114.960216005104,352.127939795663,3.07822710625488,1.54090593170019,0.171644864018029,0.0742030410801801,1.91984284320743,3.78025184328529,19.2170489813897,0.101260003620392,0,0,0.164666738658843,4.71481909601573,0.345683609361871,19.3164646321386,6.7536755618013,0.0576486019222783,0.516328070049627,4.95886562989419,0,0.134298666763114,0.0902207927946992,0.402756752732393,0,122.68514327317,77.6390751846221,66.2317630718248,1.67180945574607,1.11431301259366,0.0340858797080138,3.35302948845792,0.11596816057084,0,0,21.4484744241455,0.172566407278257,2.26132978297795,0.186486699536713,0.197933737708514,220.325540607135,6.63955605568184,0,0,64.2941921820061,276.000905137505,0,0,"BA3157R"
41.6586354379856,0,14.1567365371179,0,41.4804532242738,266.468367980149,0.912168950212489,20.3232287923441,169.081093536477,229.076495612613,4.57677893066334,0.15560373445931,1.81130252344857,0.0949134883113434,2.10486923376502,2.87029280257455,18.6130746997612,0,0,0.0213269464699585,0,1.29230338997324,0.154757983751614,18.2484665996488,4.20099260882893,0.122897701250166,0.220145955961202,2.55991896299823,0,0.0156165554213194,0.0384672920754775,0.0835407918880912,0,23.2801836633568,18.3732422194403,21.6465379551828,1.31761232431238,0.30234133954565,0.0871988451727367,4.21089753649136,0.0809102540023311,0,0,46.0144960752292,0.147153714472315,0.27116985554143,0.0596340221338536,0.253178053445514,236.696666459301,0.330454864406949,0,0,1307.66255264778,1078.14753001835,0,0,"BA3433R"
28.8365804172134,0.033006842529586,9.83301353119164,0,5.41756086326095,2.84254422872729,0.110187144217513,960.02436165676,48.948919208288,421.617716549536,1.49597552453485,9.17475238368375,0.559154676030919,0.17580051963926,8.36591267219746,8.21998691914826,13.2243736042618,0.959613568177232,0,0,0,130.763025091298,0.245696229987093,12.5851613274158,150.96539079869,0.364213434809225,0.407758413930675,21.0207798096027,0.181420948179833,0.188014274312037,0.96187270913817,0.747889704091982,0,17.935196007919,79.3344757413677,1501.51030494875,4.30089160233999,86.8003448157059,1.6554909771202,15.8878751559446,1.6360095463052,0.374468492657993,0,3.11935766023852,0.238490729188488,1.00453165009191,0.276138098647294,0,285.01804486872,122.078282095378,0,0.107772524548758,5928.31853088136,98.6850124897773,0,0,"BA3322R"
3.06498038464904,0.0240094415617957,10.7252511656689,0,0,0.0912215926742258,0.374038051515353,13.5377894039104,316.197238839811,246.253602385274,1.40557174364936,0.116471000902086,0.66556405445722,0,0,5.48348958871119,4.9772616246366,0,0,0,0,0.257947312678328,0.148934504275918,3.13870187196675,0.478316228551428,0.0331164711197182,0.0329563039401894,26.2509229031031,0,0.0841619007253652,0,0,0,40.6492288154102,88.0512095256196,36.1937050875105,4.71458125213443,1.6294004098546,0.0587423118671192,0.105063341929737,0.109011888045939,0,0,1.53709550172601,0,1.09605654925508,0,0,324.703513779024,8.99360512914656,0,0,2766.85271667891,1075.18980832531,0,0,"BA3374R"
2.46448597420027,0.0411850340654944,6.92118023514256,0,23.4108538893988,5.14640811000019,0.8860370037192,186.058563027569,87.9773089330528,377.744993756566,1.3481269283458,4.07572943335428,0.126854161772789,0.0731196911022779,0.405388609463826,14.100801310523,21.7550644826227,0,0,0,0.16226263627853,45.6117601545049,0.0851591739627903,26.4850747924624,1.41306349005399,0.246163422000656,0.131908461631539,10.2550073038924,0.10060981782164,0.0360921633627918,0.296345289183082,0.5899516765718,0,38.067935671501,46.375150012911,28.0734584110954,0.0832020890212009,6.45516928126437,0.60458818480381,11.474154522466,0.654484365621798,0,0,1.2555642098739,0.510140913814368,0.0696348377391055,0.367528059936885,0.0975219718038724,220.535012712039,3.18220808740856,0,0.0298834676199594,3502.38170705168,220.124416872282,0,0,"BA3450R"
22.4888679495075,0.0194390006460103,42.8477589426586,0,1.65745985479573,0.51699645577022,0.173049206647082,11.5062906563576,348.050063682823,189.154102107179,3.5975701829283,0.0942995636091662,0.179622393566235,0.103535696023433,0.95670060982842,15.8157573546488,15.4991898127387,0,0,0,0.574399820774525,1.87959981009823,0.0241166619171985,6.43005188533965,5.5507822680329,0.134062073420761,0.0533654739061362,49.7059515393827,0,0.0340704143067848,0.209808844350275,0.0303766239775096,0,58.3952056719159,108.541420205664,439.218233980569,4.68892258006795,1.60191910976313,0.095120233046159,0.0850634683188118,0.367751535837423,0,0,2.01489467565603,0.200651963717045,3.64824546592187,0.585462096941041,3.72839569005481,343.79311427714,4.32569174300765,0,0.42314259989124,15.1019099960406,342.726047869357,0,0,"BA3167R"
60.2065755382748,0.0200692167317093,0.29434028107287,0,106.179650833867,47.4535904638937,1.2952813367844,3.22585166884512,224.203185322659,386.212154352784,7.73160851428436,0.038942709334523,0.989044189940981,0,0.493858512473111,4.75764626206408,49.4851845280473,0,0,0,0.118604394368852,4.20449638316224,0,36.4919588301318,3.66500793574056,0.332180139007602,0.550955926858533,4.48466910576814,0,0,0.0433221773708756,0.0627228797697889,0,43.8502755445463,38.2847409924474,28.4123609073313,2.26234806793814,0.340499276960924,0.0491020245160047,8.5186604823317,0.577104647714262,0,0,14.6838913621673,0.911491409027268,0.814383194696085,0.134320642022445,0,186.13312711222,0.521025340415004,0,0.0873721926376826,349.529226935648,1283.8938085827,0,0,"BA3269R"
39.3472567807076,0,74.5243761259698,0,2.66450467028155,27.1843810058297,0.217336721028613,20.5802616585394,269.326694787382,321.684448836392,12.6511732856601,0.227391595864415,0.060157905830969,0,0.865111420352044,2.35537523058791,80.6663194000738,0,0,0,0.0577122200212816,2.88522087790035,0,125.651452043516,1.6212471836062,0.0538789853195672,0.0804276009554986,1.34050309444718,0,0,0.252963885076983,5.8904747567133,0,1.92147353346095,31.310543327013,39.5983681607604,0.260415095711242,1.56217286573263,0.0477855286465209,0.170933256656278,0.517292302234938,0,0,5.95424796843606,0.201602957712028,0.099068551304617,0,0.416229610666001,160.274999357975,0.615710738117525,0,0,12.9087864272893,154.88724977277,0,0,"BA3110R"
93.7568403596758,0,8.49165073106821,0,235.043515792944,53.3208279904102,0.0802223522598105,67.917802539077,287.011853648516,611.234526124459,15.4183243165958,2.04588545858354,0.388591270145325,0.0959943964931959,2.04013854875754,6.58753314137339,52.5233179886775,0.130997231312056,0.0677287072357416,0,0.479305685217142,10.8918382952115,3.17512856244293,66.1142025123767,12.3276057455335,0.198875685583682,0.64321993817896,4.71786493488092,0,0.0315888044922471,0.194526855624568,0.577363255992572,0,63.254816630637,77.8974557905058,68.5142410689304,4.32554616144508,4.76150164077739,0.220479740714052,18.8493666611871,0.136386147379236,0,0,26.6483881804628,1.45108813902306,3.01683836536532,0.422192087440316,0.128030667074954,255.779655090612,17.5130337119366,0,0,1250.14174887384,780.816995416302,0,0,"BA3226R"
248.95509708713,0.107466606215876,1.27404069282318,0,60.0641470432131,3.68839276871301,0,70.164468751126,233.698695283124,287.205031909018,37.6263879603433,21.8748338181965,14.5974640368765,0.286193464274629,10.3135994834097,29.2000270367523,28.0835042028134,0.312439499047132,0,0,0.317551300469321,81.0512272336598,0.879955541654391,84.7189721743287,60.2677517256681,2.7422513310258,0.354030938579431,77.8584337616125,1.20106238413292,0.0659242289564232,1.80945584562247,0,0.310922802449816,8.60557929237302,60.3800734810008,199.663499808961,1.92788578423632,8.69976921502933,1.9982788978466,18.1522302199703,0.463541841844304,0.487691096228391,0,0.753530556525436,0,13.3551266720359,1.47448286888891,0,101.497223003608,4.842617811149,0,0.187144184966142,320.375097607561,269.588198336234,0,0,"BA3421R"
17.0632417697048,0,4.11491281065781,0,10.8384539996408,11.9000338903891,0.0382298172584871,257.351084773218,123.421755406429,373.728907511089,0.648792462726417,0.0833301730573242,0.846548428884577,0,0.253623742241689,5.59749057846181,3.59526498826555,0.249705977117631,0,0,0.101516559859423,89.4147703010937,0.27704680641902,109.932869706712,5.8176623749634,0.047386924609224,0,21.4958460858841,0,0.0451607633957779,0.0370805688584674,0.0939507281499213,0,75.0258622764677,90.4600912214348,69.8041708760649,5.3094895073517,52.0015997650132,0.168110756351771,45.1762480334474,0.441963093070057,0,0,13.8251534338682,0,0.958445920681289,0,0,313.371958060277,99.7674048961704,0,0,1326.55085820506,993.103196728526,0,0,"BA3232R"
1417.48320246181,0,4.61765925212336,0,1557.77392374288,17.8038631884927,0.0479117922823291,138.469140712572,394.612972354422,496.83885662798,27.1983221295183,1.85892762431302,237.12073401649,0,2.22499039997822,96.6909503559242,190.273142251515,0,0,0,2.35368758060826,73.7234876784131,0.133542651677849,2644.57301136713,431.88613099789,28.4765472721736,6.1464804662073,344.857224796767,0,0.0377320334456925,0.0464714884940519,0.100923791084487,0,40.0931027646491,71.1780383915174,153.894081848738,2.55728338697246,6.41799792885137,145.531361001531,151.105490962006,2.89979492030343,0.325654263279384,0,3.0846371597993,0.0444432905202901,4.25872630600087,0.360212744896343,0.152929415652059,188.570034812218,3.79254482717715,0,0.234309312878155,1031.45475846876,1185.1178422778,0,0,"BA3289R"
971.757195237925,0,0.0951686091879809,0,333.579308145136,1.35245623762061,0.0495134666281008,51.199722343454,319.73681982384,506.623155799756,159.654259123639,0.0431701330392492,258.478617060756,0,4.05127279464244,154.529652562556,142.929878287513,0.323407472268424,0,0,1.84071283175087,38.5421838852568,0.441622193605509,579.038024625759,106.816353208389,2.82317284285234,1.74068001541066,225.067003022839,0,0.0389934020379515,0.192100055965308,0,0,48.8140437701427,407.760167206874,113.932374321425,5.6361167985929,5.23054704030713,16.4929845155609,78.2731565040847,0.084177922568597,0.168270385317327,0,0.271298339908039,0,6.43236819311751,0.0744509060247355,0.158041792169313,300.579355422134,1.44396304513127,0,1.06542563910197,1139.3286605489,865.892375916392,0,0,"BA3430R"
771.765718972354,0,11.2913185592955,0,788.139388939078,4.14108642739441,0.947308907559289,975.473762473993,103.734148918033,547.067068363718,36.172432335225,0,1971.4109877908,0,0.856994193003302,137.303648052826,66.7968853252755,0.984382083209891,0,0,2.80136497651204,821.53602071985,0.0480072147158386,944.503929862251,98.3535976843105,33.758704496764,4.80693521056827,156.077549154682,0,0,0.167060238677935,0.0453513357685282,0,29.6140566606681,162.953727292739,36.4369832266485,6.42583940427085,54.8664480701545,86.8636946168146,824.803567106904,1.93262563822532,0.58534685150987,0,2.35935201529298,0.399422687036524,0.490695020201891,0.129492790283486,0,137.994924032308,6.13521449496359,0,0,3358.33247014469,103.705882363626,0,0,"BA3399R"
148.929210168265,0,5.69800399729277,0,66.0775361841855,1.20316985190411,0.0783077106057694,852.522468899774,354.473314917912,427.607818668652,6.14638610035113,1.07533835968922,2.65521819150136,0,1.38535457639802,13.1803201749734,19.9888943028901,0,0,0,0.259925692863474,51.5528349394897,9.55996309981117,27.3198920601137,20.9123904018957,1.01917820621321,2.48732485573835,68.9666535015436,0.0322330232096911,0.0770872110727285,0.949420721669008,0.0687296961858451,0,52.4068867180288,144.76743601743,64.8034770193905,8.16739706811694,163.954340873049,4.21826535349355,109.473144523201,1.06504849671026,0,0,1.76991448007015,0.0363193711469086,6.33586020389778,0.176621040709363,0,257.673187869787,244.191777657412,0,2.795596708759,228.577693489321,348.590607307371,0,0,"BA3163R"
19.3372842341414,0,40.7260607190689,0,17.670214759207,130.133895068483,0.0521152901722159,89.2593031418254,138.213497801017,338.435959910432,8.71174118345857,0.136315885151744,0.0721264842796869,0,0.345742560894783,0.52224352729433,5.18116619599082,0.340401822149254,0,0,0,6.03795210445905,0.0871553374778481,87.430890079113,2.02155065410086,0,0,0.560651099683426,0,0,0,0.0731854992560011,0,138.546808426859,47.6761325795612,13.4039456507598,5.36459979628751,6.01621113892093,0.0572925891137907,0.717293120094243,0.0708810294978132,0,0,64.2497556895523,0.0483424825359176,0,0,0.166346540025261,263.61879003906,4.21212833443554,0,0,480.466575798002,312.216626171186,0,0,"BA3436R"
2.8524971404374,0,0.436955883093764,0,0.0870964792113934,0,1.72774957491638,27.573417991846,0.269456991286369,383.524382988886,0.77161519605531,0.0594632319408406,0,0,0,7.1380848683493,74.4003759170113,0,0,0,0.543305850985499,9.27336114080317,0.887100484557344,16.8336740518483,0.474833507277268,0,5.88894158610799,0.880434843147632,0,0,0.396902535834028,0.750230894476116,0,15.19089647973,105.940851460973,12.9437883437988,0.148579472773066,1.98065681882925,0.0999678800800722,0.178797177588147,0.0618389425787344,0,0,1.61932625390063,0.0843511450900783,0.103626279095769,0,0,83.6451481531004,0.454614354464946,0,0,31.1508860871302,1.07160288613886,0,0,"BA3154R"
68.1199081089268,0.0179744158803844,58.8525832985865,0,12.5671767225486,35.4435925485595,1.08007580413423,12.978205384044,408.68481595077,340.188949380239,14.7317310180094,0.104633747661167,24.9133764295561,0,0.530772181571054,18.4843407547126,57.7557057053883,1.04514652338625,0.0675457242415455,0,0.0531123047333124,16.5591432609068,0.0668989500294074,26.7017743387565,19.2173041807038,0.471053657554902,0.271396293210042,71.3227132717377,0,0,0,0.0140439851398913,0,44.7015787982296,35.6179450684307,47.9089342923208,5.33785683720507,0.566351257589339,0.835559463996195,1.57309131640369,0.0544070688913617,5.4379451089894,0,3.12341102960828,2.15219815778707,0,0,0,174.852090756943,1.06660877308865,0,0,1507.60098469598,855.429146424544,0,0,"BA3162R"
182.670977678046,0,22.7304601477588,0,30.6263945487703,165.58557848302,4.08580653191088,13.6446531193166,101.462745890728,310.011550261838,69.3396064160794,1.08419663593346,0.16390352982747,0.28342567490273,3.2736718643286,3.92293461600607,36.064258285449,0.19338617696107,0,0,0.157240124053621,25.7267234965786,0.165046487414735,9.01183440793659,41.2564359919065,0.146796264853578,0.292172575049428,1.6562640437105,0,0,0,0.0207887605018455,0,200.214453566398,36.4610580357988,26.0419156775728,6.61139238298878,1.87015993824085,0.195291459492706,10.2457757191709,0.0402683253194711,0,0,15.0059759820943,0.0549278368923025,0.134958863921768,0.445189963807067,0,250.858377646073,1.48018044593725,0,0,932.949095888766,630.032591900793,0,0,"BA3352R"
11.5285654890751,0,289.064282377402,0,4.29586849896443,1.30024178176324,0.16925117763333,6.88807371850303,446.201936061466,456.240246549667,9.47870948806587,0.0922299067438667,0.117120065556088,0,0.0935703248765604,8.19759300230319,21.9805768517721,0,0,0,0,0.919173475285833,2.17003685161269,10.0170935430997,1.70443950556484,0.0262239443243496,0.0521942254378234,33.4721399995562,0,0.0499839715154454,0.0820816105943605,0.0297099274844034,0,52.633217944289,153.676486601902,637.680117635081,2.90370583518708,1.56676069803477,0,0.665572178710806,0.0143872096782015,0,0,5.50629055008895,0.235497741791856,0.28931148108642,0,0,559.181641014729,15.1954539316729,0,0.0413855600531463,19560.3853532828,1420.28517517998,0,0,"BA3084R"
1267.54639960023,0,9.91026415451078,0,1817.57749749466,1.73217385673405,0.474376701150719,86.8764271008731,230.062508285727,443.764046755923,13.652434197096,6.18680760268739,251.887735975805,0,0.34967817387328,28.9183074399843,273.939138616464,0,0,0,5.56355831276864,20.2283859699943,0.220368582723013,1654.22523323193,178.407703676273,3.50351876904406,2.51130859406586,115.618035296591,0.0976314790717511,0.0155661030936826,0.0766860319740206,0.0277569656896003,0,22.717302315292,112.124242642581,51.9235556574418,3.20803233757986,13.5183534290372,1.39067411678339,139.443414426874,3.83082073831115,0.403039595711175,0,2.65339554468882,0.0733391528508039,0.270293788442899,0.059441362796258,0,126.616345579103,8.86051744265601,0,0.0773302170490397,163.94667985126,455.778812159428,0,0,"BA3149R"
24.5457830700788,0,10.1139571208512,0,22.0808034424893,143.642982333699,2.16670526291925,34.377450276675,267.602280951584,324.502694283273,2.46364549115684,0,0.779655576467914,0,0,2.66982050092225,14.5157948066392,0,0,0,0.0575353167486142,6.90330458423526,0.0241566889845868,5.20657330477365,1.42232431498775,0.0268569159643497,0.106908092014698,1.70934128642408,0,0,0,0.0456405613064846,0,28.9119494393047,21.3885440183895,14.1232330090942,5.07432942538546,1.55738439125844,0.0476390533177155,2.30052556153655,0.0294689522300546,0.147269966855273,0,8.72591502846413,0.602954973408148,0.0987648798995361,0.0651593115564036,0,262.725087434883,1.01100328210788,0,0,826.790784972215,673.312455988372,0,0,"BA3180R"
290.822950717925,0,5.79662165205122,0,763.504223133499,72.0796229993059,0.0790662870615272,9.51740122381457,287.97160002909,676.152261977106,4.56219491097983,0.0172342110329456,0.109426106847943,0.0946110441245621,3.49693669282857,12.5523634245918,96.3804288621397,0,0,0,1.46968430069944,14.8379877668971,0.110189173996029,189.538181577999,19.050658470891,2.5971289950916,9.60679060338592,17.3236267721907,0,0.0467003786393405,0.0766894301886164,0.818866772961158,0,95.0186161541843,110.429112933157,143.979766705527,0.322970586868166,2.8846172473163,0,38.3214323634837,3.02446618009924,0,0,39.531930237356,0.220027208261971,2.88326150469134,0,1.51422777175759,321.179803419032,10.9690819972007,0,0,669.512936963402,1577.38951876461,0,0,"BA3255R"
48.2443575120163,0,140.073729208584,0,19.9286224158089,8.30730375068605,0.201355470890415,27.7771136311467,112.395509851191,294.285626877244,3.13240888333853,0.351118314207737,0.185781206216893,0.0803142614007345,1.92953189198429,13.3459194914701,148.152978188322,0,0,0,0,4.17160019209755,0.168369052157951,5.07749483092779,2.60352436901724,0.0415976202302346,0.372567907216397,10.7586050757412,0,0.013214477063288,0.292953613388916,0.0589090577526363,0,51.4045186856271,37.227858542308,60.8808009243826,0.456943555559396,0.694412977487197,0.221358764796606,1.12174610471819,0.102697425922651,0,0,8.50447919379696,0.249038194686309,0.076486517878657,0,0.107117590592875,298.378788362803,5.39677351958072,0,0.0328238343708626,552.343519892891,313.908158152986,0,0,"BA3438R"
30.2349590398374,0.0490869927381997,19.7258745299759,0,0.292977015312974,0.0746005465498521,0.0436980547751561,12.8244811712732,311.722473202994,276.944602134938,5.61756770887579,0.0380997527878457,1.84455473694056,0,0.0483168417373526,8.61599006346475,6.26212124082237,0,0,0,0,0,0.0121797867077298,8.65327498439702,0.749732029476592,0.189577351264771,0.336893685766548,40.4128715297284,0,0.559220731856449,0.0211922112799471,0.0383532350183102,0,33.4673420585266,111.962342586951,71.2950422739137,6.54493236509329,2.5460558771049,0.024019579369431,0.257760772440238,0.0668620185494421,0,0,2.24469419478008,0.0405346001689879,0.199188750107009,0.0985598461717024,0.0697398037472396,527.585309126518,14.0362529900974,0,0,4457.87401851387,911.179651750339,0,0,"BA3403R"
31.9378953571304,0,15.5240870257221,0,108.125772889872,76.6337139656188,6.35352056238727,172.697631998806,40.72320506523,251.463139243768,4.0629574192052,2.16765003071234,0.19115524172647,0.110183316276652,4.37794436769914,12.3201149454212,103.66687595877,0,0,0,0,142.019988560204,0.07699529407592,4.09754506193331,6.31930475991574,0.370941148316698,0.312355237229228,7.66054375253053,0,0,0.0446559691827502,0.193961925925915,0,36.444242151037,23.1740848249964,53.7834332064341,0.752258272810087,3.55996514634555,0.0506137647428462,19.3723627132927,0.547908783897291,0,0,8.8923854009278,0.213535037952153,0.314796078928272,1.10764856519774,9.40511129734051,166.607499220016,2.91550402907018,0,0,5213.5370094184,1058.1814783523,0,0,"BA3341R"
7.73862269724974,0,10.3374626094199,0,99.507138343135,46.6519818646398,0.139265006500893,3.9913493943642,106.159691934789,433.624893908897,4.52993705662019,0.748777059750798,0,0,0.410626685834727,0.430729780113865,6.23665029112694,0,0.0783841293420326,0,0.123269438905765,1.00843178208939,0.181145004986521,120.227031168863,1.45440769463272,0.0863114296249458,0.171787972090922,3.02969144387204,0,0,0.0450261604985381,0.211867328103569,0,123.505945875304,52.2223104876167,73.5513225169546,2.80642921174445,0.55611611244453,0.459300107647033,2.00806096989882,0.441960692714701,0,0,25.3721608314317,0.172244169222672,1.05801897137416,0.139603850798948,0,234.987139094298,5.26046769214656,0,0,722.200868096265,472.378118192899,0,0,"BA3448R"
156.05485336876,0,8.60629940791543,0,171.89344062216,30.2592048377786,6.04946748763825,33.2182886297112,165.034595229001,411.133350906451,48.6540931993327,2.63722512321264,4.55018366809775,0,1.35716460851933,12.7961973443197,58.4225321377056,0,0,0,0.17460794046146,55.3908478381511,0.122184365775314,78.7313335225352,6.99790364019535,0.217347352255352,0.75703654579314,16.5685664867857,0.036088145907446,0.0690455748489469,0,0.0461699286720983,0,39.8376003666177,68.166069040636,47.5947877318312,1.31314025320942,1.95737465803733,0.385532803405327,25.9440648529468,0.775079533915686,0,0,8.22663897353366,0.121989683377473,2.59767081239146,0,0,299.252953039614,0.657468978053701,0,0,2753.75168043846,2126.53659669478,0,0,"BA3453R"
46.8709125913204,0,51.0358345951513,0,82.196074667375,0.95134240664024,0.0857321262643184,22.6052422308409,24.927890428304,438.360548999566,12.2943020180474,4.78391684346217,0.0593257452547402,0,5.40324778932417,7.58089787026055,8.8688020878562,0.139994289107222,0,0,0,7.96686743058136,0.0955831116302434,153.708983870608,3.64531090410673,0.398502604956916,0.105753401260177,5.47229952814413,0.141156246010356,0.0506375461261236,0.0831548837869774,0.782558532712632,0,1.49828820741242,36.9523611875575,90.6411704414606,1.30741056656572,3.1278105911146,0,3.45565932436477,0.218629984258359,0,0,19.5533711425157,0.0795256786061117,0.390792568741863,0,0.136823977434949,249.753867735824,6.07193649705874,0,0,96.8166730524209,93.9578832767153,0,0,"BA3308R"
544.356062811023,0.0376581634723958,50.9385640606012,0,82.841494718503,1.3354004080479,0.0419049018475503,141.429617775233,206.406529517378,272.989380377773,17.9923927556262,28.9367706661272,2.725789341573,0.200574311256014,1.8533662617298,13.39874899006,85.1981313128324,0.273710554018877,0,0,0.166913228281219,882.750457577195,0.46719953017377,257.038679528821,19.1932854787499,2.1036629250097,0.723675071427155,109.366205005523,0.206986770023498,0.0165007097702896,0.081290349255878,0.191252917268041,0,74.613181811856,49.3937666205014,184.951278173107,0.228231293772096,5.02006750152556,0.644950156021492,18.1267929313529,2.33675693908447,0,0,4.13295936298581,0.0388712598364183,4.77537562330807,0,0.40126815428274,185.630026889018,1.88548589482823,0,0.163946423882746,7653.75650679214,242.22029027928,0,0,"BA3334R"
50.3662938154011,0,18.9982762369473,0,12.0490433176581,18.1842957746562,0.183649008772055,1.31584986486399,65.336856112676,207.671553829273,2.02584175899567,2.12160494962176,0.698957687391112,0,1.72601254610995,1.63585185944114,1.43924929700709,0,0,0,0,1.32982076293348,0.0767816474018887,18.9189911152039,2.12342248053461,0.170728550853355,0.169902825480734,4.54405880274745,0.0755936128944919,0,0.089064115445774,0,0,42.4317686081493,41.0591260606552,26.8621681738428,0.550125330527477,0.30000734779884,0,0.541643221907009,1.82649851836316,0,0,3.77349395517824,0.127765512337608,0.418563442971544,0.0690359412537288,0.439641280236798,124.038382002937,0.229532690801912,0,0,688.321576314191,595.625506689247,0,0,"BA3447R"
38.7470204360404,0,24.9305488551375,0,66.2906975011306,3.41165254586316,0.0666137120605429,333.834988701281,279.948851467528,422.996683820805,5.20025979804446,0.101639316806685,7.69803203875668,0,0.441927797435509,30.3541251171345,216.784478656645,0.108775317620813,0,0,0,83.3672857915118,0.0185669776122121,25.7894023232596,5.11819683913866,0.165139107519679,2.46510623074344,80.2140770187377,0.0274195390252281,0.0131150949050238,0.0646111991662926,0.0116932040441881,0,42.2866657023407,84.0849084817298,45.2518080870633,4.91601608332258,3.33713296515419,1.28154828231418,33.0063606948089,4.54132807771405,0,0,2.23559706496382,0.0617913130925299,0.30364514195427,0,0.425247964000319,238.65619834052,4.35710466412679,0,0.195461856352959,6392.59420899363,644.387853541279,0,0,"BA3116R"
16.3343430765535,0,2.92998351177708,0,142.723270482456,211.965409609616,12.7009635248325,7.63205050582083,60.3708723271577,399.976864657197,8.17312487358511,0.246999282789925,0.261380980909303,0,1.46176935855347,8.98971442050186,26.8955784252377,0,0,0,0.125377342106966,9.0031553958316,0.447446261813673,15.3799123039031,2.39502155069959,0.0585249014185955,0.232967387406496,2.16720813308839,0,0.148734656097486,0,0.132609385962114,0,76.448292892871,16.0130431319934,85.5622688432772,0.822895583582676,0.308523097636947,0.311436082548954,8.63377650872498,0.594006200107973,0,0,15.1990366424531,1.83949015574117,0.32283331791032,0.0709955359432204,0,183.167839949118,1.0228747004937,0,0,230.008271004686,606.133760463223,0,0,"BA3280R"
25.4260413411757,0,90.5732091697782,0,137.979098188874,34.8240862443565,0.357869733164625,4.73667666047976,57.3362120191617,548.001385231929,1.93243058471715,0,3.6921194232567,0,0.431668108436993,4.22614574552514,34.2672292796559,0,0.10986760809525,0,0.0431953461673442,2.7876863175245,0.0181359311447821,17.6045224451566,1.50466596646548,0.161305277888513,16.0525127995455,7.90984988790084,0,0,0.126222402346299,0.0799521621049728,0,103.513211483476,58.9206749984653,19.2901422230931,2.01998200264934,0.283448599331543,2.57512354343448,10.1070132809737,1.07302263614712,0,0,0.579347913991781,0.120713561786676,0.741489474208793,0,0,277.46693888611,0.379511569717942,0,0.0318206768515461,162.300000306815,129.68112528716,0,0,"BA3318R"
15.8474237756102,0,2.9867614103105,0,19.5517362733531,1.00893386574273,0.263551210534475,213.335617662226,72.3982896629798,173.55785322115,0.24396479150063,1.21160310257223,0.0331590388447885,0.172018070146557,16.2128806691889,7.26504867500963,2.68238880287064,0,0.0809113999554424,0,0.0954329303391162,51.5557303801709,0.333902686119202,8.8492978292909,4.57539317051656,0.296980977387946,0.0886633903703351,8.79789045642981,0.0788966986346951,0.0377372387382243,0.232389497155617,0.0757032854590971,0,54.7292163707821,24.3537407924279,86.7890436978068,1.99652211616715,1.3829301458834,0.07901815291215,13.5674516647752,0.562116438720409,0,0,24.6148619557542,1.37793207142684,0.764492223238571,0.0720524875515619,0.305901025814855,253.121864719321,3.53354231771806,0,0,1094.82356539728,878.337796742595,0,0,"BA3332R"
9.5353818386337,0,0.441805916558133,0,37.7413778067047,3.8119914362692,0.525391547660176,35.2728396581232,63.1008692368684,447.527059534593,9.78011122042373,0.0715752973218476,11.2705311378947,0.0785857107145862,4.64739410283716,12.3518211251517,58.0857475993322,0.107240744255636,0,0,0.348784968922645,2.93256798622444,1.39118301041034,49.0976567918128,3.67426505388392,0.0610535132767567,0.70884600648014,9.1140272581906,0,0.0517202824817656,0.127399362969391,2.91664457305642,0,128.310977547352,30.5213420384783,70.5304449097114,0.983639936125525,0.679467586621723,0.0360991011041141,8.78082804654081,6.04039346961471,0.334787095011251,0.0643287566127446,18.8919244611975,3.13735824725703,0.149680698365314,0.197501202222621,0.314436508782915,105.333810604952,3.00968112378918,0,0,3.33614688841951,32.4081765093766,0,0,"BA3214R"
2.02176013300784,0,51.0842936733572,0,47.7036289978317,9.76275846722286,0.118726057887415,0.850675254233992,323.269510871144,235.538967569975,3.67715968958211,1.00927779080884,0.0821572049153739,0,0.525100549995866,3.64084057199554,2.39258816655725,0,0,0,0.197042874951969,8.59707209614683,2.51499553598145,70.9545826519131,0.841367587385437,0.09197766229533,0,0.340598160709691,0.0733050375858815,0.0233751200575281,0.316681656396909,1.11498679153799,0,78.1445114127269,44.12404111106,70.3961962410513,2.08538445240503,0.161624838868695,0.0326301706714385,7.17835005722597,0.0807385431748341,0,0,46.3911899013643,0.0825982983258998,1.15002606625158,0.0892611968058666,0.0947402809959764,299.90276123823,16.6443109656301,0,0,2058.23638318965,254.02641712881,0,0,"BA3141R"
5.3021856376332,0,0.901550961787414,0,36.2642190220269,5.28546561322554,0.088739342897207,51.7133332512912,54.9353073691795,638.279836124422,4.89444151397871,0.128951088110435,0.245626832329427,0,0.915776340187747,1.84437139153327,2.30490797594745,0,0,0,0.157094007786297,16.7782276297129,8.60742070951235,249.701225572578,2.91262792542164,0.128327371900875,0.200681987031009,6.91590171852016,0,0.232950017427555,0.258215096282565,4.8912036921551,0,76.8731838240057,123.216369672495,31.6510162150299,1.49826373167385,5.18648198520726,0.975549919042366,8.95672292778339,1.16669626681613,0.30157862979533,0,11.1022071809666,0,0.47191708424143,1.33432880560764,0.283246674944839,221.955227424949,9.46435187171008,0,0.0289315753930753,51.1658850924352,2.30933808118302,0,0,"BA3373R"
88.3546786089521,0,42.3738679627135,0,18.5516703603626,13.9125315665236,0.0526334447425621,66.2524386954616,927.848673364388,514.018382610288,9.24497451180619,0.550684805550049,0.109265399240761,0,1.10573696754378,10.343604362608,94.4946540748345,1.11730533248022,0,0.0141518438775684,0.0698821839467433,16.5788946689372,0,38.8099150613332,7.18503699129983,0.163101556376512,3.16509801692922,50.9225335867071,0.0433299615802586,0.0621757234321047,0.076576800989088,0.147826287383934,0,57.3007886974263,118.652054715318,52.185443061139,3.11029725538602,8.82743562959314,0.173586656429287,6.7268015611878,0.545841433865887,0,0,2.19900109111393,0.878816269612214,0.539817568163928,0,0,240.86009047598,24.9977747547391,0,0,640.5928495877,1037.33342562864,0,0,"BA3319R"
21.141775540772,0,22.2375379280165,0,112.546858207584,81.0003801072314,0.51280664769155,12.5975067501037,21.545093554619,293.947176051039,172.190407431413,0.143713702270433,0,0,1.37702226275838,7.7489812153919,11.6136372597076,0,0.0618490453304797,0,0.0972658263699958,1.28196709821094,2.83823260601282,231.392879586777,2.9509747288488,0.0227013621601807,0.0677747023681304,1.44485597862286,0,0.0721162960550954,0.071055839112018,3.12486869064974,0,96.3227772426918,68.3784084152587,27.4716772812036,8.05967148692961,5.54488387120194,0.0402678924031777,3.74509138509201,0.0373638595330653,0,0,16.2567763834791,0,0,0,0.818412516399267,198.560886294998,9.5834075826883,0,0,16.2215365778248,152.480554310694,0,0,"BA3240R"
52.2383458190054,0.0100265281372491,39.5507623490844,0,14.020500232436,3.61900992221235,0.066943361872298,1014.19945967256,345.22498510792,375.941477779053,2.57512758140958,0.0486391890753742,0.463241144945773,0,1.43103643537749,10.6463928273557,20.0059751858537,0.291502964380511,0,0,0.266645002122976,161.742764684189,0.995139178984258,51.8936309122254,8.28956480044745,0.248934491683426,2.76632419329778,53.1165397562072,0,0.0527199891468943,0.432872927910211,0.900915362515802,0,71.8244281007496,82.3963981325043,73.8214160345586,18.947099837541,95.5060444299139,0.0245312428973747,66.5148981425661,2.69351551965359,0,0,5.89939375228384,0.0206990328015257,5.89952382380301,0.671062410982647,0,292.812022509372,176.410991237918,0,0,5278.59409302044,502.421714061607,0,0,"BA3381R"
17.1342644411598,0,40.6939916352477,0,42.5017305940057,10.8439596298841,0.082403849614653,3775.65426013288,63.6393647059287,383.329138533233,4.21287070133062,1.28426191703279,0.085533918320946,0,2.18673006706564,11.2166137515146,4.94494753209322,0.201839185306135,0,0,0.0273521950009966,561.066848991874,0.0459362009300667,20.4249539153039,2.42806730253137,0,0.101647862398913,56.0410948482645,0,0,0.11988999054765,0.535203712828887,0,61.1204694575399,80.9822027624142,68.2336800101145,4.65635379022966,37.781712648168,0.0452950552684812,115.077974271385,0.504341692080337,0,0,4.4587015939067,0.114657521268466,0.234763307731958,0,0.526048889792707,274.810431556234,68.9874696443882,0,0,3351.80800555563,462.50631446015,0,0,"BA3290R"
13.0813751346346,0,13.3968259026677,0,2.24202206433349,0.274248492807274,0,3377.15243821229,60.4887374384952,287.819744130932,0.155786517852741,4.27193107798648,2.06447327340512,0,2.79122871272489,24.283297687766,5.34415489503532,0.0749485137718368,0,0,0.0304698965259822,496.121332266709,0.95947826747876,25.4286931570848,17.1191591345143,0.0284460917810258,0.141542564009457,82.1467023119696,0.151141177480249,0,0.734555154895293,0.0725118027839742,0,38.8328245712566,114.100632641246,175.136653875019,22.9982342035687,304.314739740718,0.529808459421605,126.209555268912,1.74010731695252,0,0,1.1631395948018,0.0212877662947371,3.19057417775938,0.172537286055323,0.0732512291929752,173.453389529481,423.01463527121,0,0,5800.52648827259,63.9931683099402,0,0,"BA3296R"
203.231052419249,0,24.306952070845,0,207.978220269462,69.8687444273471,0.14243509946782,266.32302709218,161.202430916081,416.14954053025,31.6961196924261,0.37256180664967,0.197127233268641,0.0852192127736418,11.3392923777816,9.5882332468274,18.2109467500019,0,0.0601262919884648,0,0,60.8518177182004,0.138951310086581,72.8275065860201,12.1657428927345,0.772416215755539,0.373359070611006,72.8609891040013,0,0.0560860456366447,0.138153276484904,0.775083710515171,0,78.4480310778542,99.4670564999305,125.352651228016,1.49333801712737,6.98042042979542,0.0782925279915478,35.6375860783377,1.16233985690651,0.121015607986936,0,5.80453994483423,0.396371177389838,1.05505011763248,0,0.113659474485942,309.089968995441,20.0867835987674,0,0,588.580834386731,615.488311092155,0,0,"BA3305R"
20.6498284998471,0,8.47741836635986,0,69.2378557624433,18.7655206792889,0.144001324583512,66.1325343416946,92.381848936432,447.970508852597,13.7342951549981,1.51918936074856,0.837038397098452,0,6.17781140904385,9.21933780028773,47.1275013242605,0.470287252725176,0,0,0.152954108967633,105.211248443377,2.18344856052921,10.7398666860296,11.601292228786,0.0535480972785898,1.19012352209678,34.7629687196522,0,0.0113405542489235,1.5643310862108,5.86441052428143,0,82.2195711839237,67.8662265972793,161.435408703066,4.73711349460494,29.2951281917168,0.538243374629635,22.0282272943137,4.75924012077291,0,0,8.79761913384406,0.347299072674082,3.41328484360877,0.346444062647631,0.0919274248473526,219.457875250643,53.729806487764,0,0,1529.78770585883,149.926955327528,0,0,"BA3434R"
16.8028833613954,0,483.52938255712,0,28.9769029417126,224.109677317614,0.0584048349233626,18.5466853489554,275.672064869333,292.306894099591,64.9222667241579,0.0254611994017198,0,0,1.16240572363574,19.9425536817662,76.896313528229,0,0.0493089999762815,0,0.0387724709778793,1.02204513064853,0.0976736977048907,20.6620933200712,4.53104383960322,0.0542958162201221,0.0360221436952476,15.7706662275506,0,0.0114989080962186,0.42486820334507,0.0410089533101114,0,70.7289052803736,80.7157376516853,64.6731638046682,2.79925096957074,1.01770246718025,0.192620871828528,1.37804535616533,0.248235379514927,0,0,4.72024589645071,0.0270883526021415,0.332783293456947,0.0439102043584405,0,422.121446758926,3.40652469033402,0,0,1885.49413731289,3069.48839475235,0,0,"BA3264R"
20.9983169980048,0,163.098114781645,0,2.67051069513957,0.189450061302757,0,234.385430193449,221.485313323374,280.590312554273,0.264838399622972,0.0816373097063422,0.950297662151019,0,1.2883699255647,28.3764792955213,343.445058442652,0.0679536576593578,0,0,0.110504708538767,360.4477592045,0.18558534314962,4.46294510689341,7.54342385805216,0.283703768612547,0.15399907677754,19.9966467691758,0,0,0.020181817921287,0.0292197164555183,0,22.5240941430131,141.358984306555,120.553973517058,44.0268389679512,20.0318208068789,0,17.5102905228548,0.615517259702715,0,0,1.08308745404889,0.42462209358324,0.237114890556057,0.0312869170582108,0,319.815014884571,28.9532479149734,0,0,5246.5948213757,416.780938514079,0,0,"BA3367R"
14.24369983805,0,10.2817334083284,0,56.2405747524613,17.770295527928,0.139408091650267,22.8859389142655,98.2753697810644,349.086403654748,3.40685812416197,1.72598246656021,0.0771751668091815,0,0.308286432237337,4.50143907438558,7.89122533397025,0,0.0470787981638607,0,0,43.2388740179945,0.124341338697557,53.0783174297713,1.41430479787634,0.0691200869131063,0.189160919568566,7.43870227270823,0.0918130634957062,0.219576456073763,0.0811303591682902,0.0489426939485337,0,69.564969530093,56.8177520278235,57.6424659119801,3.08265114892013,1.63969767789577,0.0919544013397575,5.81108607350632,0.474015832198344,0,0,18.9818342824951,0.931074146159956,1.01674177209032,0,0.0889952012966425,378.574064076184,6.62106022341216,0,0,10914.0163719271,2618.76545051661,0,0,"BA3183R"
7.01092754263412,0.215825621808747,3.32864600474321,0,1.18300494112213,0.338416391996878,0.205855228738952,168.866302725702,266.41402173649,181.395540733018,1.78558610885045,10.6692337030824,0.443176815152501,0,0.0505808149887984,5.14017236353598,6.18679492285396,0,0.0386212906377269,0,0,37.9003482759442,0.0637524635214768,3.37921532533672,2.3887106889139,0,0.0423215340521199,28.5269429910405,0.0376596169390931,2.14355261497449,0.288407740082816,0.224841934273752,0,55.2103284460534,56.2010819401122,93.4518010454076,3.03962203297745,3.93575924291448,0.276595663573803,4.76714896978862,0.0466633064637645,0,0,2.00522531196513,0.127301767131489,0.677696825845663,0.0343926821737422,0,401.862571545347,18.2578486432715,0,0.0223715730282816,1932.51989332285,314.487858704452,0,0,"BA3222R"
4.57447620621551,0,30.6376868928743,0,16.7298869435899,1.93632736990678,0.283556030706413,47.5902185590461,81.1667725061016,452.965643015093,39.1230773028157,1.84185405314235,0.0392435684874302,0,0.438938179324725,10.1136150131347,32.838007489956,0,0,0,0,15.2625471114633,0.426786060704786,51.3560587311951,2.45365219573498,0,0.419730843057637,20.6618333967724,0.0466869382251321,0.0446618468008689,0.385044646984601,4.39012985254605,0,52.2663320178722,110.551065962575,24.718269377046,0.355203379201359,10.1907200722442,0.0935176170236175,18.1198965730783,3.05634950385313,0,0,2.79663118243927,0.0263028420585997,1.03402628116667,0.0852737844168191,0,320.073760104484,19.8700785701594,0,0,4192.52613249074,351.779736471507,0,0,"BA3397R"
13.7798373748734,0,17.7311029549586,0,125.997882427017,292.439650191852,0.33749921372438,17.1100414741652,107.480890679428,271.306858742259,51.2942721341526,0,0.10379820779258,0,1.49268851255804,2.1642368677312,60.6243152846069,0,0,0,0,0.85987857356787,0.209044059199253,11.4475555837445,1.39867362171757,0.0929643749496146,0.94827623390423,1.10268221949978,0,0,1.60039467791747,0.105322250696719,0,27.1011940597477,36.871282713707,15.1667901789591,6.65822121798225,0.163358708482019,0.0412252734151565,2.65439910236091,0.12750732102504,0.1274425964966,0,35.2385624056135,1.32183620003263,1.4529540618455,2.7065630375561,0.119695787889537,279.270863639452,0.218722265798148,0,0,640.061349308981,553.882909282879,0,0,"BA3422R"
109.517744374009,0.0123439469133831,79.891219203061,0,174.241786160271,79.6512453806146,0.109887861992178,144.116425689563,396.198968939988,471.059385231324,19.6279707459976,0.191619530792806,0.228123794120195,0.0657461336941582,2.43005528005823,15.0851225794148,149.329721187705,0.179438838057959,0.0463870892835832,0,0.0729498498797848,18.6328513137967,0.245028887939261,117.775447656805,2.00831546327821,0.102156802041791,0.999683439111474,42.1440992470405,0,0.0108175156012003,0.373045610450084,0.395433517010263,0,75.659817786749,81.275970346201,52.3187873135265,2.99247197900195,3.17137531598165,0.815430187726437,36.3528330288785,0.289571817130098,0,0,13.1710860671698,0.433213959564936,0,0,0.0876876324240322,295.578574913262,9.13329169816473,0,0,3125.86296027739,1160.72943824353,0,0,"BA3213R"
57.066986580224,0,1.33140554137393,0,26.1949478940712,0.520391590928954,0.0425336996875777,268.647672325378,279.469597520576,466.421749075008,2.25572813219528,0.954927602118126,0.0588657611180015,0.0508959998942507,0.705441253695291,4.90555827627409,5.35240378285896,0,0,0,0.0282363033622541,136.773561363407,0.889143794988548,53.5456872586356,9.70891526896376,0.17134554743385,0.0918167589064177,53.734358311492,0.0175077232959319,0.435456027326372,0.0618826047247372,0.85861978846246,0,50.2626035715744,117.89608856088,157.287781643869,6.82226875458645,151.865943388405,8.62706002148396,92.9138988730271,3.1527861874564,0,0,3.23362723829411,0.0591818052112918,0.969406363943259,0.127911564023956,0.0678815540901865,267.566469281999,263.463476002681,0,0.353613807884708,1573.01152711299,779.730917719845,0,0,"BA3270R"
7.25227271058919,0.00993407363261475,161.303321248185,0,37.6926324583989,25.9801567841145,0.0442173852504734,165.531434919459,86.0508968962426,266.48627309773,6.43473638963298,8.49119916444542,0.367175682793078,0,0.342237450002219,15.9802904942308,7.94048114347958,0,0.0373310711540882,0.0118889716567036,0,37.0344413899652,1.15850653870443,32.1319906157118,3.39739783932565,0.0411065115832334,0.1090872019353,27.5105200335876,1.51066324764275,0.0261169293561464,0.578989905454678,0.721848234541912,0,38.3880062104792,35.221729389097,12.2841666529755,1.84231911004855,17.119248907126,0.0243050405789753,40.514682443875,0.248074352725072,0,0,7.57123770465267,0,2.4690611605692,0.232706093179499,0.564549023603184,461.662439863485,40.3249208473834,0,0,1440.60959463488,404.972511278616,0,0,"BA3415R"
72.2006965137687,0,46.8552005072703,0,98.387265557349,2.17102927483461,0,23.5344423865175,148.84872985198,469.631457560904,3.76581849111628,0.373365076031748,0.790209013630674,0,0.229570518936319,5.9624463699444,6.09018339374191,0,0,0,0.0344583414020677,113.258651727094,0.766784170321075,130.065946998166,8.36352897789507,0.176932936979328,0.416182482682459,64.1418123993216,0.0213656546596897,0.0306583478641247,0.3020752246634,1.12982522959994,0,21.9579795018656,122.517135896532,25.1207624499483,0.480594699343299,16.3934263003753,0.313845328689523,66.4917213026327,1.47370660989476,0,0,9.63435837276728,0.0240742897845413,2.72094794209928,0.11707323067036,0.0828396598426348,219.551049259583,46.8828142346236,0,0.0253843954010119,223.854760142987,50.3873825815761,0,0,"BA3324R"
33.1592262026179,0,104.973065627357,0,8.90618633184982,9.09910293484613,0.024599516522885,109.842843725203,587.266523964389,187.359338609019,2.04562595511154,0.611267751774752,4.52801457262121,0,0.761589656049549,20.620101947648,70.1077664548649,0,0.0830737771100706,0,0.130644531974786,50.4397843248481,0.50738295049679,10.7059156086447,2.49563808182922,0.365901440860649,0.51585333450984,23.5352415643314,0.0405026161993766,0.0968644394181532,1.09756075386496,0.069090199526257,0,23.1393156630256,99.2730726898441,46.6068860444252,8.40048724642573,2.62545567886622,0.270433108572603,15.7196690203326,0.710968505091964,0,0,2.25769455326607,0.50201077778396,1.79411078122992,0.110967162125131,0.0785190765772181,159.206456210038,9.85907903684678,0,0.0240604474975478,364.056524625985,254.414721863705,0,0,"BA3326R"
9.01052849893603,0,62.2754007146794,0,1.8371647360181,180.120302448995,0.0330709523441748,58.9921233508996,968.299846796189,432.617825202835,27.7253619306615,0.20183886460814,0,0,0.146265913092816,0.945108280657323,3.11010738784566,0,0,0,0.13172634166242,19.5567215345079,0.092177363007598,72.9350673698708,3.45374970832257,0.0204961838411711,0.122382326638922,18.52396681976,0,0,0.288691087794025,0.0928830732854748,0,68.5053669524245,67.4250093605411,56.878352705913,23.1991957222855,2.2690250727105,0.327206934892981,1.0403995345398,0.269875095107263,0,0,45.3918866488264,0,14.2456152862854,0.348089877958395,0,319.876847803749,3.4169064364763,0,0,724.62246234128,1301.71557827422,0,0,"BA3297R"
4.2625795726693,0,34.3977977730953,0,1.09326933589149,350.783922647692,0.095120147596235,1.79926111379916,61.3752029969092,331.603930181154,80.0677760521595,0.0622004937154608,0,0,0.631044810725146,0.573680413418219,2.42804515885868,0,0.0803063541181328,0,0,0.40178510293804,0.450711890036032,117.884336724272,2.48345722400978,0,0,1.36439076198563,0,0,0.04613034322034,0.384034502559157,0,28.7978894145375,70.841458945325,30.4408182608672,14.5057741455279,0.725141230922741,0.104569686068439,0,0.0323427825371657,0,0,21.5642483355395,0,0.650378949606938,0.143027375217696,0,336.865160733912,4.08173161046358,0,0,111.383194543377,919.304205873866,0,0,"BA3227R"
42.8344096876882,0,9.07666853608978,0,1.1117677430938,4.49454589346187,0,7.57917365004141,416.915832003861,464.89653999224,15.1168432966973,0.154007164519756,0.209538430043159,0,0.167405806000625,0.426126330517054,33.9010754292235,0,0,0,0,0.944056085784805,0,10.106103243607,1.95763758875976,0.140751051423344,0,26.0242353038739,0,0.248405174565942,0.318178148480965,0.0708716766532971,0,49.2618414070084,48.7337444997458,931.896820226219,3.42209879571706,0.741991004311024,0.0277406172778813,0.545769148735761,0.128700121296824,0,0,0.241960616788968,0.117035233267958,1.8403715728046,0.303542475862634,0.080543675433753,408.271260150435,21.1937625508495,0,0,17.1569781155718,88.6147010750178,0,0,"BA3412R"
17.1338814463643,0,58.4491013162536,0,33.4960755232251,38.7763887579797,0.0286186613489246,10.2034593551981,1022.78863424167,521.3169389099,38.4175241432854,0.299426762529397,2.01998942104053,0,1.58217950232081,2.69259739254778,20.6853195650779,0.18692871973761,0,0,0.0759948191298167,1.07069131494593,0.0319070670659534,42.9942267716867,4.5685587380997,0.425683545988911,1.11201493109684,15.886438115033,0,0.0563452250348626,0.111033357613068,0.13061485005263,0,62.1952393648277,144.778340101594,91.3059087428026,1.09108282620895,0.467511844809395,0.0314617303335058,1.51931051945326,1.741835797555,0,0,5.99797370288505,0.212374853044462,0.195678574704051,0,0,249.386098399419,4.43534043783141,0,0,253.332056190704,222.797852785171,0,0,"BA3250R"
45.603331004728,0,7.42503524608764,0,116.736044307396,1.26174563384381,0.34287252486097,2085.42228454323,58.7080342832606,468.164658342393,4.81023933568365,0.0398594659103664,536.438636488981,0,0.101096903008828,30.2062323158693,109.346122895125,0,0,0,0.485585917872842,405.988738223184,0.0891963412578926,47.3601192651563,8.45744587377025,0.311666707933486,0.380650096462418,119.526659952202,0,0,0,0.00802493114470964,0,38.4204129566091,79.8912003591672,44.8784272520859,3.19952062565878,57.9779638241673,26.5110650181842,163.102966407508,0.512967945015462,0.155365925816866,0,0.594920368626628,0.0848135431546174,0.364680190130141,0.0343706764580826,0,180.275606146781,24.988487025719,0,0.0223572588648083,3213.56553493401,50.7087718407034,0,0,"BA3260R"
9.38240949110777,0,1.21701062772255,0,30.4035271423049,5.38070759129759,0.168846753471717,310.335670802421,182.088192293045,271.24755029137,0.250728868867301,19.8556553253802,1.10998197805529,0.101021359650862,1.12016087315588,2.92966843198972,5.02832973001968,0,0,0,0.168135202948906,79.0128617160374,0.258840948364376,126.191793276254,7.99802143958939,0.444741801582585,0,14.0471093391757,0.104251061896079,0.232701164577327,0.409427386632795,0.726153929079236,0,91.7795533839925,38.2448064392389,102.186141852643,5.14980881119513,37.8801751908236,1.99542067418741,17.6785154248928,0.91858122051246,0,0,16.537222411511,0.313246696084003,0.769653797101716,0.0634715898087112,0.134735281822783,287.059373327266,73.1578204774656,0,0,2309.02222240536,534.497679239993,0,0,"BA3176R"
492.486051855732,0,11.4262531615229,0,12.2593548226231,0.234958502420069,0.0294920172940586,58.3218529498153,578.89987619378,437.1705993682,0.375378433048902,1.20854378926713,0.244898053685237,0,1.04349624856798,12.8449292197186,27.6296605150199,0,0.049797996414558,0,0.195784884267449,23.9537114993141,0.0986423259535665,63.5196696572427,4.48797853814812,0.38383986775822,0.0909484365655101,70.9420603212217,0.0485580217113366,0.0348388276636475,2.97496585317017,0.0724773670941823,0,45.6293019507873,132.852948628785,104.225308038329,2.60213520739988,7.93329268460015,0.0972655447210455,3.13135066441146,3.44959244233624,0,0,3.07030756819701,0.109427949170057,35.7592843155541,1.90686342475015,0,269.099197529414,34.3047768356038,0,0,56.0079228273672,1078.30209320303,0,0,"BA3258R"
45.5256104231028,0,86.6228041318493,0,19.0899569720581,26.8070444969085,0.130781579110323,637.586108143478,424.542547090821,385.2778361028,19.2428435170725,0.125429391418912,0.506797205581831,0,1.04115528314352,7.01873768370679,18.3433105629016,0.854226997213277,0,0,0.138912471534931,86.6507232098858,0.0729044689545053,25.350868194467,7.06319615188828,0.259371863074247,1.53257215759821,32.7346922954601,0.0645987830662362,0.0514972899363981,0.279070174388401,0.0183656564686651,0,78.9200811590478,69.4841957047104,94.3883255953052,2.20809947825519,39.2249642795201,0.0862643026742472,46.5434548187939,0.311278755967764,0,0,4.12038904538169,0.849196910980986,0.298070696899952,0.0393299347397466,0,234.841657578835,66.5595390348869,0,0,4059.36480100821,664.749299999723,0,0,"BA3295R"
59.75638372587,0,120.88656764258,0,2.41631775511406,1.04253306579552,0.450497735736884,9.02070289130949,388.572636837961,398.004591241261,17.9410390189602,0.130927661436147,0.415653035763437,0.0718756589993075,2.2581183503614,3.43317713608611,27.1413786561897,0.784671828490001,0.0507117669736602,0,0.159501958195786,0.869893059074088,0.0669682451458993,36.9400757277338,6.18338886573318,0.279202253252343,0.0555703793783223,50.25188431344,0,0.0591301738128401,0.145651688555279,0.0105438991111989,0,61.0086111870882,135.202678944364,442.004950661295,5.03804954757562,3.72870691984777,0.198100646355234,0.236208112834729,0.561654067180343,0,0,15.3041109055364,0.640756437708755,0.821401148121447,0.180637534913476,0,386.906883887968,9.75956949094206,0,0,61.5734579034213,1278.72158382518,0,0,"BA3136R"
221.11530641974,0,15.6707958794836,0,95.4476392079191,4.04887028016177,0,191.421450040993,807.523565904588,481.541341902227,0.477118483247496,0.433677812919887,0.179580910331437,0.0517558923877466,0.478239831394619,22.9997899360961,186.102279978189,0,0,0,0.0287133582458544,30.092751081531,0,100.682135851399,8.06613420360563,0.670155561003106,28.517258309092,75.4723162478492,0.0178035178548689,0.00851563646256262,0.167808311718619,0.00759240214759942,0,38.7284673779845,162.182698833515,17.5357994129911,18.9162576352477,7.20697118180474,0.0713236989924734,20.0703422692007,1.15447313894826,0,0,5.36193692497279,0.100302811884116,4.1895844293281,0.585326886285228,0,448.820374503553,22.037913410283,0,0,281.010933644416,1776.69233017001,0,0,"BA3234R"
2.31530273857028,0.0118444812060814,106.262423703007,0,6.16048581871665,0.210009246033878,0.263603838641691,5.46975708299329,98.6350728765215,540.175693968874,29.0782764210134,1.12618013720462,0.0729644527010283,0,0,1.35012804412415,0.30692655647063,0,0,0,0,1.20889504441339,0.0440839558627674,99.9658468387875,0.786552735245069,0.0490116463699919,0.162582008264037,18.2627054945486,0.0651027740438779,0.0103798129669526,0.0767038478684298,2.77634142586176,0,36.5024631325013,57.3762231714677,33.5369017422161,29.2163869750007,0.832533603765394,0.376728408804263,0,0.941121932296307,0,0,19.3544275609715,0.0244520637299082,0.360475445046357,0.0792735631535597,0.0841395804389093,512.670862336541,25.6103185794317,0,0,5.56229741930724,45.2758877416356,0,0,"BA3087R"
10.8296541996626,0,59.0121698504348,0,9.62971020650142,10.0779730532885,0.161417777337639,60.4849153645383,38.3505802532856,243.458419188323,8.37472721799585,11.1786193384744,0.319141238619562,0,0.152982237009625,3.22227383713413,6.50583824313005,0.828405032197241,0.0389368409034586,0,0,12.133695239918,0.501332089351067,109.634083786159,1.89217862507448,0.0142915597484113,0.0426673166786402,5.63954363108031,1.063084679275,0.00908011022980227,0.246031193915878,2.75253042590207,0,122.156423917228,50.620110016533,19.4678495303084,1.41919519077406,3.18940071917708,0.0253505047918248,2.13100586976917,0.337152701362883,0,0,10.2028066416071,0.128341869773922,0.315338704712606,0.0346736831403062,1.03045722934493,142.517439417098,9.0690129451157,0,0,457.446899765585,134.819004384863,0,0,"BA3302R"
8.36359572303583,0.034748819042833,27.166381838713,0,3.99984260398619,1.61363690072824,0.0773349370781497,159.878285058432,78.1816066723556,299.592876795416,8.42148713304654,26.9933970107805,0.39244316562414,0,2.62227807013022,9.29961326650576,1.24677368124252,0,0.0435273143117455,0,0,27.5639513121259,0.0574806998321634,53.479229339261,14.0760787200138,0.0159764685254405,0.492875157865333,2.38495643928689,0.403213061626233,0.0812049057473057,6.10082368765538,0.0362004826945088,0,103.140719915502,23.8596720846758,106.082064343626,6.9638037354526,4.21112162454829,0.0850176360818082,1.97675367065984,0.894045288323982,0,0,10.4169435023204,0.239121304116482,5.52274563987426,0.0775230999420868,0.246845007741698,368.000742883315,8.11915779353015,0,0.0252134114311279,425.420642371151,392.523526398379,0,0,"BA3117R"
39.3080592986952,0,3.72350980399135,0,103.380144263499,88.8825603978474,0.0610839592514376,96.0769094285017,174.850374791245,509.617689270219,21.043927188654,0.079887437510345,0,0,2.22883311927603,4.90827877243618,71.5333000199063,0,0,0,0.243306161936564,111.131651930865,0.255385370850359,117.563276077748,6.56154021561292,0.265003448305357,0.357908108548094,11.8722416762774,0.0502867638719182,0.156342961136564,0.26661455738467,0.825634432446378,0,99.2486307733169,101.19449586632,144.813990302042,8.88277792306659,17.728681425897,0.335761171747434,30.0262193236692,0.675018079411995,0,0,18.6593217192854,0.084992817565994,4.10697350197687,0.183697746070017,0.487433977578516,241.190275801274,42.4226196442452,0,0.0298726886185811,970.199020438724,315.468342750812,0,0,"BA3266R"
130.062181479024,0.110611825019304,27.6291394976703,0,97.2011302541776,104.732075531904,0.184628400984425,7.47860943645073,40.2340951627963,228.989183035904,25.2230710112936,375.796247963151,3.40695853806229,0.0736423678636118,0.952668319530424,4.45976975458091,3.25213563125319,0,0.103916531701616,0.0165473513332092,0.0817112638962634,35.7624131062301,8.01072296036453,408.824834262775,23.8724351044448,0.30513606901877,0.531405497444193,0.860692709141908,6.5610527810021,1.6842240170378,7.58097633046104,0.777820961462438,0,86.8977961917011,52.2103961802798,42.4716159651652,3.10048297402595,0.971845660651512,0.202969974481236,3.8117224723062,0.523145058655292,0,0,7.33432781445136,0.0285437511740151,4.9794148803371,0.508963450888938,0.196438163621887,1046.85967994801,1.66657673508395,0,0.331067898478159,11.8638714266814,150.125435382636,0,0,"BA3268R"
6.2547492894172,0,38.953024349265,0,94.8715553758642,94.4447999180081,0.410516866774559,28.169862212826,121.536109994045,234.976580899727,0.298577992727395,0.17896209819669,0.0405819183913721,0,0.518751524936779,1.6324442953497,1.2343553739476,0,0,0,0,11.961150106133,0.196151570576116,76.647024759194,2.05611285131105,0.0363462217483476,0.108511301824926,2.16608978173337,0,0.0577312248840648,0.0284411488907298,1.37945537751689,0,70.2363179130214,41.6703728375699,18.4225248298663,0.846426406472883,1.50090385038769,0.128942548583424,4.43942946455395,0.119643492261003,0,0,28.0765639125454,0.0543997312693488,0.133661297169881,0.0440909669215637,0.467973850341508,305.608024406773,3.78703543047053,0,0,407.449171667009,298.943085619493,0,0,"BA3353R"
22.4097865896368,0,173.138883305055,0,5.68565215694709,0.648311815961694,0,62.9314544456528,94.1471934605575,312.912826679035,13.0506647591452,10.0115314861222,4.14926615791613,0,0,3.67753907580227,11.1973983829155,0.39165024466184,0,0,0.159223203085131,38.2084024174831,0.367681641012676,45.2538906826283,6.30676898158801,0.0185809535190181,0.147928696740078,16.6640151635377,0.22213178647436,0.0472214675228214,0.290794277999555,0.0526273598293636,0,111.232428123547,55.4692526258018,289.426372335384,12.9486723659654,5.19147609790674,0.164795361567482,12.202406851854,1.29464374298768,0,0,6.57090947565644,0.584016038541469,5.6714288620606,0.180321842011627,0,280.482033635745,19.9346806235938,0,0,1359.27779757724,605.827778622431,0,0,"BA3312R"
13.0488342252349,0,54.2636820648782,0,19.9617228737401,247.334863482277,0.0739052870446578,19.1479234021679,125.403043047071,169.055264727694,36.7177436698748,0.853790738352308,0,0,1.38918748885016,0.665168068548353,9.30017705623274,0.120681926039996,0,0,0.0490625579339597,2.94335549224181,0.762175194848768,88.5995444255349,4.35530650076376,0.0458038321466312,0.113955756970056,1.40461609686616,0.0608417948679968,0.014550680687075,0,0.0908120418811717,0,32.441896033508,38.3918276102274,48.6089810603914,13.4239928062468,1.12682270104852,0,0.581258028503946,0.0628232474306734,0,0,30.4217221437498,0.102832538295251,0.336882312690372,0,0,273.784076330746,4.18744505039837,0,0,2410.15658896495,852.475086822965,0,0,"BA3119R"
58.1639694842711,0,36.1815249216607,0,437.093220029369,84.8216230634923,0.345721774278101,20.1565604513188,70.5038249552572,570.020668605837,45.1354705641655,0.366022406357639,0,0,1.74749163433621,6.46147928189623,84.9316001009158,0,0.0833942453176683,0,0.26229702146519,4.2915527991506,0.440510484842038,71.9118360747002,3.24210808648923,0.214265890191334,6.51873340345415,3.18792034725334,0,0,0.526945311051084,8.96435660450524,0,101.393380548339,46.7748582512896,11.3451634528132,1.12976560282703,0.430299383729392,0.380066876648914,23.8889612159767,2.36784173481576,0,0,35.0446933259539,0.183253582367609,0.900515901779213,0.222790465593187,0.630575795345993,188.665266390047,1.11111025917648,0,0,215.12080990217,579.4702805462,0,0,"BA3208R"
13.2847474277461,0,22.2368195652056,0,14.2910246609253,163.531691411336,0.245406682077817,131.889955287046,315.419205847475,291.028054945218,24.6970255450194,0.278156868951884,0,0,0,1.31157466042593,2.37382950559447,0,0,0,0,39.3312482034536,1.03969881744242,27.2140269816243,3.07547208617098,0.0608376852214204,0,7.21616574150513,0,0.0193265429967474,0.0476058742922415,0.0861561476932871,0,90.7716830090829,27.0075248366623,26.403599988505,16.6538554378091,4.65037179589933,0,5.69379538644042,0.233641120478962,0,0,18.9596055937022,0.36422533819433,0.447454702709375,0.0738011335883654,0.156662477855636,315.509117169742,7.7293484057393,0,0,264.541814540173,1508.88284976828,0,0,"BA3310R"
16.4405872473837,0,64.2462810963279,0,30.1402401293912,5.56875716714866,0.230255864592555,10.4266676423224,47.7038771150636,646.096262988881,0.35820010874353,7.89644302292101,0.106223118928314,0,0.424322326850304,15.5605533660501,26.9472776486637,0.626651631482583,0.0647987815656643,0,0,8.4291563301001,0.256713241206853,25.8549507295778,5.43912669554242,0.0951361884407717,0.118345080104956,8.50460580530567,0.442297001501386,0.0151111406503666,0,0.377239681668592,0,129.006041048553,42.9087125884074,151.067147700955,2.69624606785551,6.22727095034908,0.126565107836384,2.26367549698554,1.04388895442502,0.260839765388689,0,25.075040321033,0.711956131369197,0.174929136277691,0,0,278.235026465088,14.517104503319,0,0,1347.71796266414,274.960120917013,0,0,"BA3211R"
11.4280298243791,0,7.35084515199667,0,37.5430126180961,4.333471997791,0.0295160093173844,213.513201338544,216.534294285813,255.584875960459,8.56559079517387,3.2296943042391,106.699016098453,0,2.41504814138922,5.18158851171435,9.35837158026494,0,0,0,0,79.5069510719983,3.6691889401095,51.9866482459022,9.99607752651469,18.1100287485387,41.6882701658171,64.9878655496794,0.0242987620510161,0.0813567285198776,0.543945521943916,0.0207246651683155,0.0426342356806663,5.91691179486806,350.389372581916,61.7747570137715,3.27942853003841,5.14315562111137,20.1503469224812,31.4550507635534,1.67601914461358,0,0,0.444748134256526,0.0273792424495862,11.9743058599558,0.266290419826913,0.0942120059022113,185.246776945348,10.2555367208977,0,35.8844171217241,845.80019695672,339.827783824248,0,0,"BA3130R"
41.2313858068599,0,28.6203183733574,0,21.438058597646,298.875442423598,0,18.9843122468205,204.510892572378,455.683368166512,3.78451381695147,0.126020401486926,0.171460315910119,0,0.182645588376592,1.30279423737402,26.1869792185668,0.269736350639089,0.139460156068129,0,1.31591754600329,3.43886496601164,0.11510397976897,109.011494369615,6.96205299448969,0,1.09522152505001,4.08722086747714,0,0,0.040055017661002,1.65278933257355,0,106.898431352316,46.819930059836,26.1074728822379,5.01565884460685,3.01328082637486,0.0453989752717678,1.86755784620162,0.224666132579028,0,0,76.5940857768715,0.191534298167694,1.12944922991006,0.0620953979573422,0.263627899313531,307.394426934741,10.0475531731524,0,0,222.905082290777,1344.8656811721,0,0,"BA3376R"
96.7142191353268,0,56.0345621507359,0,197.788865512003,37.411924150621,0.164873439967432,124.464131449181,524.799069050127,460.334019242696,32.9119723519525,0.0898443497136544,1.19795252156181,0,7.56545809151961,7.15946718193273,52.7179240090647,0.942291922448013,0.626383929712334,0,0.164178633700837,11.4909506180456,0.160840836054823,96.2226655422557,13.8362801187153,0.306547840013504,5.89792772673916,25.4229192635373,0,0.0162303731889716,0.2398756277976,0.231531763100568,0,88.0519739059235,53.2173856222177,173.262101475511,1.79593684048315,9.47164052878377,0.226565615882996,11.9946032838568,1.12120637946364,0.280159309792375,0,9.82434866604913,11.2026848081231,0.375771125304496,0,0.526258727333472,241.153118446742,22.3925217093789,0,0,2134.63952237056,580.086339949396,0,0,"BA3137R"
20.1875701299365,0,8.49838814738897,0,24.450353178833,33.8721631075196,0.125135796921936,85.8824401863406,278.782432275147,436.825041799352,2.26523811850914,0.109104237068841,0.0577284520511534,0.0998253393377854,2.30603952764207,4.21862534279296,6.50053261575346,0.136225066730466,0,0,0.11076306863558,57.4883287467676,0.255776457516403,69.9035149670465,2.24031418935005,0.258515516591025,0.102906084494686,23.064866547492,0,0.0328494499982302,0.121374018166224,0.14644016087963,0,90.7787110710498,95.6419289674203,306.532366798497,1.99918666163726,16.2628021917021,0.13756718561451,14.1065957501211,1.33319300959679,0,0,16.3985714600245,0.0386922600342854,1.80628641673247,0.062720131790557,0,290.310479240233,36.3891315466005,0,0,893.09312766081,962.944874343171,0,0,"BA3385R"
91.8027620671606,0,53.0756098106738,0,107.110061749841,4.03308603270472,0.261109862209345,590.678252843467,53.1658270680698,364.68353231074,5.63402560009955,0.780542455474012,0.154873136433361,0,2.80459775556037,19.6588324661237,24.8897705299802,0.609104713411694,0.0629843461535421,0,0.049525618740465,138.382881388246,0.727781235425296,40.8668979602547,5.11987293368002,0.0693542048133658,0.82822529433041,23.4082823713385,0.0307080150628705,0.0146880124980911,0.144720279608139,1.15241206396927,0,119.411647109596,45.389416198686,52.1436504220357,12.8802667646317,21.7335695627255,0,39.8985947956958,0.583428892582252,0,0,9.19732539125995,0.657419565982279,0.765139197443115,0.168264749578076,0.476248738972671,137.92402790789,47.304732204501,0,0,1986.68864005364,417.705116139898,0,0,"BA3242R"
17.2925384068044,0,17.8913410863325,0,23.6390113274561,0.0686226423176948,0.281375041477409,23.363248352849,18.551449553474,333.722547782437,2.59223698360556,0.367990734694694,0.166893103228461,0,0.0888902160052496,2.10354005586756,0.324018215465289,0,0,0,0,2.08597576297493,0.0224075877565273,137.160173402046,1.91903824547935,0.0249123007596291,0.0743754386796573,0.46125785359339,0,0.0158279740600437,2.72916465438791,0.127007664425959,0,96.03432778403,40.2690521430351,78.5247956924087,0.350282047044482,1.09440882047944,0,0.869388081795837,2.02280543857147,0,0,1.65185756903873,0.0745729487927657,12.7342988680406,1.02750301903429,0.25660560567904,244.481774915657,1.57416441330765,0,0,10.9949760857466,4.85532245861017,0,0,"BA3416R"
38.5272703441389,0,17.2041502907575,0.137255338505812,90.1143150554787,1.29234680178337,0.121661635466083,160.812828905921,153.126127735301,476.636666801705,2.13352464155541,3.50048034272493,0,0,6.00860462569156,36.1835355788105,1.38024243830217,0.132443032430151,0,0,0.107687939110286,20.0174602147021,0.1130342283438,43.0587307760449,13.6132253389208,0.251338316576541,0.675331353754845,9.85980561192643,0.0333855784176832,0.0319374464322081,0.51135194701391,0.213561785381601,0,153.58714311232,47.6031194152777,258.370722135915,2.23081796743239,10.1580951266069,0.0891652599283444,8.61171435537015,5.75007243641007,0,0,18.1653579109057,0.376180417709468,4.25170313469386,0,0.129443726570588,206.365910128093,27.6069960007017,0,0,125.823457521336,234.052627541414,0,0,"BA3123R"
