Feature,Importance,Rank,Seed,Cohort
eln_clean_Favorable,4.3688217798868815e-6,1,123,Training
IL10,2.211133639017741e-6,2,123,Training
age_dx,1.3281901677449545e-6,3,123,Training
npm1_TRUE.,7.160504659016927e-7,4,123,Training
EGF,6.494919459025065e-7,5,123,Training
CXCR2,6.181001663208007e-7,6,123,Training
CXCL9,5.227327346801758e-7,7,123,Training
IL33,4.0829181671142576e-7,8,123,Training
wbc,3.9100646972656253e-7,9,123,Training
blasts_bm,3.564357757568359e-7,10,123,Training
IL15,3.4610430399576823e-7,11,123,Training
CST3,2.9087066650390624e-7,12,123,Training
CXCL2,2.5192896525065104e-7,13,123,Training
BSG,2.4278958638509114e-7,14,123,Training
CXCL12,1.9808610280354817e-7,15,123,Training
T cells CD4 memory activated,1.9689400990804036e-7,16,123,Training
CXCL5,1.819928487141927e-7,17,123,Training
SASP,1.6788641611735027e-7,18,123,Training
ELANE,1.6768773396809897e-7,19,123,Training
HSC.Prog,1.5517075856526694e-7,20,123,Training
IFNB1,1.3569990793863933e-7,21,123,Training
Plasma cells,1.347064971923828e-7,22,123,Training
T cells CD4 memory resting,1.341104507446289e-7,23,123,Training
HSC.like,1.3192494710286459e-7,24,123,Training
IL1A,1.0073184967041015e-7,25,123,Training
npm1_FALSE.,9.795029958089193e-8,26,123,Training
Myeloid,8.682409922281902e-8,27,123,Training
creatinine,8.285045623779298e-8,28,123,Training
GMP.like,7.808208465576172e-8,29,123,Training
Myeloid.like,7.649262746175131e-8,30,123,Training
NK cells resting,7.58965810139974e-8,31,123,Training
CXCR1,7.549921671549479e-8,32,123,Training
Progenitor.like,7.430712381998697e-8,33,123,Training
B cells naive,7.291634877522787e-8,34,123,Training
IL11,7.232030232747396e-8,35,123,Training
Stroma,6.953875223795573e-8,36,123,Training
MMP1,6.814797719319661e-8,37,123,Training
MMP2,6.397565205891928e-8,38,123,Training
IL18,5.841255187988281e-8,39,123,Training
cDC.like,5.7617823282877605e-8,40,123,Training
blasts_pb,5.443890889485677e-8,41,123,Training
Exhausted.T.cells,5.404154459635417e-8,42,123,Training
CCL5,5.304813385009766e-8,43,123,Training
GMP,5.1259994506835943e-8,44,123,Training
VEGFA,4.7286351521809896e-8,45,123,Training
MHC2,4.3511390686035155e-8,46,123,Training
Monocytes,4.3312708536783855e-8,47,123,Training
HBEGF,4.1524569193522135e-8,48,123,Training
IFNG,4.033247629801432e-8,49,123,Training
hemoglobin,3.9140383402506514e-8,50,123,Training
Mast cells resting,3.695487976074219e-8,51,123,Training
FGF2,3.695487976074219e-8,52,123,Training
B cells memory,3.5564104715983074e-8,53,123,Training
SERPINE1,3.3179918924967447e-8,54,123,Training
Apoptosis,3.218650817871094e-8,55,123,Training
CSTB,2.8610229492187502e-8,56,123,Training
CCL2,2.8212865193684896e-8,57,123,Training
T cells CD8,2.7020772298177085e-8,58,123,Training
Cytolytic_score,2.4636586507161458e-8,59,123,Training
LTR.ERVK,2.4636586507161458e-8,60,123,Training
lymph_pct,2.3245811462402345e-8,61,123,Training
CXCL11,2.3245811462402345e-8,62,123,Training
IL1RN,2.205371856689453e-8,63,123,Training
TGFA,2.0464261372884114e-8,64,123,Training
CXCL10,2.0265579223632814e-8,65,123,Training
Monocyte.like,1.986821492513021e-8,66,123,Training
HGF,1.9669532775878907e-8,67,123,Training
albumin,1.92721684773763e-8,68,123,Training
hematocrit,1.708666483561198e-8,69,123,Training
Eosinophils,1.629193623860677e-8,70,123,Training
T cells follicular helper,1.609325408935547e-8,71,123,Training
CCL3,1.529852549235026e-8,72,123,Training
ldh,1.509984334309896e-8,73,123,Training
Neutrophils,1.3907750447591146e-8,74,123,Training
IL4,1.3907750447591146e-8,75,123,Training
Macrophages M2,1.3709068298339844e-8,76,123,Training
LINE.L1,1.331170399983724e-8,77,123,Training
CCL4,1.3113021850585938e-8,78,123,Training
Cellular_senescence,1.2914339701334636e-8,79,123,Training
platelet,1.251697540283203e-8,80,123,Training
Promono.like,1.2119611104329427e-8,81,123,Training
IL1B,1.1920928955078126e-8,82,123,Training
IL12A,1.1920928955078126e-8,83,123,Training
TEK,1.1722246805826824e-8,84,123,Training
LTR.ERVL,1.1722246805826822e-8,85,123,Training
Macrophages M1,1.152356465657552e-8,86,123,Training
MMP9,1.152356465657552e-8,87,123,Training
IL6,1.0927518208821615e-8,88,123,Training
sex_Female,1.0728836059570312e-8,89,123,Training
LINE.CR1,9.735425313313802e-9,90,123,Training
Macrophages M0,9.338061014811198e-9,91,123,Training
IL13,9.338061014811198e-9,92,123,Training
LINE.L2,8.742014567057292e-9,93,123,Training
LTR.ERV1,8.742014567057292e-9,94,123,Training
RMSE,8.54333241780599e-9,95,123,Training
eln_clean_Unknown,8.145968119303385e-9,96,123,Training
LTR.ERVL.MaLR,7.947285970052083e-9,97,123,Training
CXCL1,7.54992167154948e-9,98,123,Training
Proliferation,7.1525573730468756e-9,99,123,Training
T.cell.senescence,6.953875223795573e-9,100,123,Training
Mast cells activated,6.755193074544271e-9,101,123,Training
ARG1,6.1591466267903645e-9,102,123,Training
mono_pct,5.76178232828776e-9,103,123,Training
Cytotoxicity,5.563100179036459e-9,104,123,Training
TGFB1,5.563100179036459e-9,105,123,Training
CFD,5.165735880533854e-9,106,123,Training
eln_clean_Adverse,3.3775965372721352e-9,107,123,Training
SINE.Alu,2.7815500895182293e-9,108,123,Training
sex_Male,1.3907750447591146e-9,109,123,Training
flt3_itd_ar,7.947285970052083e-10,110,123,Training
SINE.MIR,3.9736429850260414e-10,111,123,Training
T cells CD4 naive,0,112,123,Training
T cells regulatory (Tregs),0,113,123,Training
T cells gamma delta,0,114,123,Training
NK cells activated,0,115,123,Training
Dendritic cells resting,0,116,123,Training
Dendritic cells activated,0,117,123,Training
CX3CL1,0,118,123,Training
IL2,0,119,123,Training
IL5,0,120,123,Training
FGF1,0,121,123,Training
MMP3,0,122,123,Training
CSF2,0,123,123,Training
IL25,0,124,123,Training
IFNA1,0,125,123,Training
sex_new,0,126,123,Training
sex_unknown,0,127,123,Training
prior_mds_FALSE.,0,128,123,Training
prior_mds_TRUE.,0,129,123,Training
prior_mds_new,0,130,123,Training
prior_mds_unknown,0,131,123,Training
prior_mpn_FALSE.,0,132,123,Training
prior_mpn_TRUE.,0,133,123,Training
prior_mpn_new,0,134,123,Training
prior_mpn_unknown,0,135,123,Training
secondary_aml_FALSE.,0,136,123,Training
secondary_aml_TRUE.,0,137,123,Training
secondary_aml_new,0,138,123,Training
secondary_aml_unknown,0,139,123,Training
flt3_itd_FALSE.,0,140,123,Training
flt3_itd_TRUE.,0,141,123,Training
flt3_itd_new,0,142,123,Training
flt3_itd_unknown,0,143,123,Training
npm1_new,0,144,123,Training
npm1_unknown,0,145,123,Training
runx1_FALSE.,0,146,123,Training
runx1_TRUE.,0,147,123,Training
runx1_new,0,148,123,Training
runx1_unknown,0,149,123,Training
asxl1_FALSE.,0,150,123,Training
asxl1_TRUE.,0,151,123,Training
asxl1_new,0,152,123,Training
asxl1_unknown,0,153,123,Training
tp53_FALSE.,0,154,123,Training
tp53_TRUE.,0,155,123,Training
tp53_new,0,156,123,Training
tp53_unknown,0,157,123,Training
DNMT3A_FALSE.,0,158,123,Training
DNMT3A_TRUE.,0,159,123,Training
DNMT3A_new,0,160,123,Training
DNMT3A_unknown,0,161,123,Training
IDH1_FALSE.,0,162,123,Training
IDH1_TRUE.,0,163,123,Training
IDH1_new,0,164,123,Training
IDH1_unknown,0,165,123,Training
IDH2_FALSE.,0,166,123,Training
IDH2_TRUE.,0,167,123,Training
IDH2_new,0,168,123,Training
IDH2_unknown,0,169,123,Training
KRAS_FALSE.,0,170,123,Training
KRAS_TRUE.,0,171,123,Training
KRAS_new,0,172,123,Training
KRAS_unknown,0,173,123,Training
NRAS_FALSE.,0,174,123,Training
NRAS_TRUE.,0,175,123,Training
NRAS_new,0,176,123,Training
NRAS_unknown,0,177,123,Training
PTPN11_FALSE.,0,178,123,Training
PTPN11_TRUE.,0,179,123,Training
PTPN11_new,0,180,123,Training
PTPN11_unknown,0,181,123,Training
spliceosome_FALSE.,0,182,123,Training
spliceosome_TRUE.,0,183,123,Training
spliceosome_new,0,184,123,Training
spliceosome_unknown,0,185,123,Training
cohesin_FALSE.,0,186,123,Training
cohesin_TRUE.,0,187,123,Training
cohesin_new,0,188,123,Training
cohesin_unknown,0,189,123,Training
ras_pathway_FALSE.,0,190,123,Training
ras_pathway_TRUE.,0,191,123,Training
ras_pathway_new,0,192,123,Training
ras_pathway_unknown,0,193,123,Training
cyto_t_8_21_FALSE.,0,194,123,Training
cyto_t_8_21_TRUE.,0,195,123,Training
cyto_t_8_21_new,0,196,123,Training
cyto_t_8_21_unknown,0,197,123,Training
cyto_inv16_FALSE.,0,198,123,Training
cyto_inv16_TRUE.,0,199,123,Training
cyto_inv16_new,0,200,123,Training
cyto_inv16_unknown,0,201,123,Training
cyto_cbf_FALSE.,0,202,123,Training
cyto_cbf_TRUE.,0,203,123,Training
cyto_cbf_new,0,204,123,Training
cyto_cbf_unknown,0,205,123,Training
cyto_t_15_17_FALSE.,0,206,123,Training
cyto_t_15_17_TRUE.,0,207,123,Training
cyto_t_15_17_new,0,208,123,Training
cyto_t_15_17_unknown,0,209,123,Training
cyto_inv3_FALSE.,0,210,123,Training
cyto_inv3_TRUE.,0,211,123,Training
cyto_inv3_new,0,212,123,Training
cyto_inv3_unknown,0,213,123,Training
cyto_t_6_9_FALSE.,0,214,123,Training
cyto_t_6_9_TRUE.,0,215,123,Training
cyto_t_6_9_new,0,216,123,Training
cyto_t_6_9_unknown,0,217,123,Training
cyto_5_7_abn_FALSE.,0,218,123,Training
cyto_5_7_abn_TRUE.,0,219,123,Training
cyto_5_7_abn_new,0,220,123,Training
cyto_5_7_abn_unknown,0,221,123,Training
cyto_plus8_FALSE.,0,222,123,Training
cyto_plus8_TRUE.,0,223,123,Training
cyto_plus8_new,0,224,123,Training
cyto_plus8_unknown,0,225,123,Training
cyto_normal_FALSE.,0,226,123,Training
cyto_normal_TRUE.,0,227,123,Training
cyto_normal_new,0,228,123,Training
cyto_normal_unknown,0,229,123,Training
eln_clean_Intermediate,0,230,123,Training
eln_clean_new,0,231,123,Training
eln_clean_unknown,0,232,123,Training
eln_clean_Favorable,4.002849260965983e-6,1,456,Training
IL10,2.257823944091797e-6,2,456,Training
age_dx,1.554091771443685e-6,3,456,Training
EGF,8.006890614827474e-7,4,456,Training
npm1_TRUE.,7.56382942199707e-7,5,456,Training
CXCR2,6.566445032755534e-7,6,456,Training
CXCL9,5.201498667399088e-7,7,456,Training
IL33,4.311402638753255e-7,8,456,Training
wbc,4.267692565917969e-7,9,456,Training
blasts_bm,3.4848848978678385e-7,10,456,Training
IL15,3.165006637573242e-7,11,456,Training
BSG,2.9385089874267576e-7,12,456,Training
CST3,2.5490919748942056e-7,13,456,Training
CXCL2,2.5371710459391277e-7,14,456,Training
CXCL12,2.0245711008707684e-7,15,456,Training
T cells CD4 memory activated,2.014636993408203e-7,16,456,Training
CXCL5,1.8457571665445964e-7,17,456,Training
SASP,1.718600591023763e-7,18,456,Training
ELANE,1.619259516398112e-7,19,456,Training
HSC.Prog,1.4603137969970704e-7,20,456,Training
IFNB1,1.323223114013672e-7,21,456,Training
T cells CD4 memory resting,1.2656052907307944e-7,22,456,Training
HSC.like,1.255671183268229e-7,23,456,Training
Plasma cells,1.2179215749104818e-7,24,456,Training
IL1A,1.0768572489420573e-7,25,456,Training
npm1_FALSE.,9.834766387939454e-8,26,456,Training
GMP.like,8.801619211832682e-8,27,456,Training
creatinine,8.662541707356771e-8,28,456,Training
Myeloid,8.622805277506511e-8,29,456,Training
Progenitor.like,8.404254913330079e-8,30,456,Training
B cells naive,7.58965810139974e-8,31,456,Training
CXCR1,7.450580596923828e-8,32,456,Training
Stroma,7.311503092447916e-8,33,456,Training
IL11,7.212162017822265e-8,34,456,Training
NK cells resting,7.172425587972005e-8,35,456,Training
CCL5,7.033348083496095e-8,36,456,Training
IL18,6.596247355143229e-8,37,456,Training
Myeloid.like,6.337960561116537e-8,38,456,Training
MMP1,6.258487701416016e-8,39,456,Training
Exhausted.T.cells,6.198883056640625e-8,40,456,Training
MMP2,5.7816505432128905e-8,41,456,Training
cDC.like,5.602836608886719e-8,42,456,Training
HBEGF,5.5432319641113284e-8,43,456,Training
blasts_pb,5.463759104410808e-8,44,456,Training
VEGFA,4.947185516357422e-8,45,456,Training
IFNG,4.9074490865071616e-8,46,456,Training
GMP,4.7485033671061196e-8,47,456,Training
B cells memory,4.589557647705078e-8,48,456,Training
FGF2,4.4902165730794275e-8,49,456,Training
MHC2,3.83456548055013e-8,50,456,Training
hemoglobin,3.457069396972656e-8,51,456,Training
Monocytes,3.2981236775716146e-8,52,456,Training
Mast cells resting,3.178914388020833e-8,53,456,Training
Apoptosis,2.9802322387695312e-08,54,456,Training
SERPINE1,2.84115473429362e-8,55,456,Training
CXCL11,2.7815500895182292e-8,56,456,Training
T cells CD8,2.6822090148925782e-8,57,456,Training
CSTB,2.662340799967448e-8,58,456,Training
lymph_pct,2.5828679402669272e-8,59,456,Training
CCL2,2.5232632954915365e-8,60,456,Training
Cytolytic_score,2.3643175760904948e-8,61,456,Training
albumin,2.3245811462402345e-8,62,456,Training
IL1RN,2.205371856689453e-8,63,456,Training
LTR.ERVK,2.185503641764323e-8,64,456,Training
hematocrit,2.1656354268391928e-8,65,456,Training
HGF,1.9073486328125e-8,66,456,Training
CXCL10,1.8874804178873697e-8,67,456,Training
CCL3,1.8477439880371094e-8,68,456,Training
TGFA,1.7285346984863283e-8,69,456,Training
Monocyte.like,1.629193623860677e-8,70,456,Training
IL12A,1.609325408935547e-8,71,456,Training
LTR.ERV1,1.3907750447591146e-8,72,456,Training
Neutrophils,1.3113021850585938e-8,73,456,Training
TEK,1.2914339701334636e-8,74,456,Training
Eosinophils,1.2516975402832032e-8,75,456,Training
Promono.like,1.251697540283203e-8,76,456,Training
ldh,1.2318293253580729e-8,77,456,Training
T cells follicular helper,1.2318293253580729e-8,78,456,Training
IL4,1.2318293253580729e-8,79,456,Training
LINE.L2,1.1920928955078126e-8,80,456,Training
LTR.ERVL,1.1920928955078126e-8,81,456,Training
LINE.L1,1.1920928955078124e-8,82,456,Training
MMP9,1.1722246805826822e-8,83,456,Training
CCL4,1.1722246805826822e-8,84,456,Training
Macrophages M1,1.1324882507324219e-8,85,456,Training
Cellular_senescence,1.1126200358072917e-8,86,456,Training
sex_Female,1.0927518208821615e-8,87,456,Training
Macrophages M2,1.0728836059570314e-8,88,456,Training
IL6,1.053015391031901e-8,89,456,Training
IL1B,1.0331471761067709e-8,90,456,Training
eln_clean_Unknown,9.934107462565104e-9,91,456,Training
Proliferation,9.338061014811198e-9,92,456,Training
IL13,9.338061014811198e-9,93,456,Training
platelet,8.940696716308593e-9,94,456,Training
RMSE,8.145968119303385e-9,95,456,Training
Mast cells activated,7.748603820800782e-9,96,456,Training
T.cell.senescence,7.54992167154948e-9,97,456,Training
Macrophages M0,7.54992167154948e-9,98,456,Training
mono_pct,7.1525573730468756e-9,99,456,Training
CXCL1,7.152557373046875e-9,100,456,Training
TGFB1,6.953875223795573e-9,101,456,Training
LINE.CR1,6.357828776041666e-9,102,456,Training
LTR.ERVL.MaLR,6.1591466267903645e-9,103,456,Training
ARG1,5.960464477539063e-9,104,456,Training
CFD,5.761782328287761e-9,105,456,Training
Cytotoxicity,5.165735880533854e-9,106,456,Training
SINE.Alu,3.3775965372721352e-9,107,456,Training
eln_clean_Adverse,2.9802322387695314e-9,108,456,Training
sex_Male,2.582867940266927e-9,109,456,Training
flt3_itd_ar,7.947285970052083e-10,110,456,Training
SINE.MIR,5.960464477539062e-10,111,456,Training
T cells CD4 naive,0,112,456,Training
T cells regulatory (Tregs),0,113,456,Training
T cells gamma delta,0,114,456,Training
NK cells activated,0,115,456,Training
Dendritic cells resting,0,116,456,Training
Dendritic cells activated,0,117,456,Training
CX3CL1,0,118,456,Training
IL2,0,119,456,Training
IL5,0,120,456,Training
FGF1,0,121,456,Training
MMP3,0,122,456,Training
CSF2,0,123,456,Training
IL25,0,124,456,Training
IFNA1,0,125,456,Training
sex_new,0,126,456,Training
sex_unknown,0,127,456,Training
prior_mds_FALSE.,0,128,456,Training
prior_mds_TRUE.,0,129,456,Training
prior_mds_new,0,130,456,Training
prior_mds_unknown,0,131,456,Training
prior_mpn_FALSE.,0,132,456,Training
prior_mpn_TRUE.,0,133,456,Training
prior_mpn_new,0,134,456,Training
prior_mpn_unknown,0,135,456,Training
secondary_aml_FALSE.,0,136,456,Training
secondary_aml_TRUE.,0,137,456,Training
secondary_aml_new,0,138,456,Training
secondary_aml_unknown,0,139,456,Training
flt3_itd_FALSE.,0,140,456,Training
flt3_itd_TRUE.,0,141,456,Training
flt3_itd_new,0,142,456,Training
flt3_itd_unknown,0,143,456,Training
npm1_new,0,144,456,Training
npm1_unknown,0,145,456,Training
runx1_FALSE.,0,146,456,Training
runx1_TRUE.,0,147,456,Training
runx1_new,0,148,456,Training
runx1_unknown,0,149,456,Training
asxl1_FALSE.,0,150,456,Training
asxl1_TRUE.,0,151,456,Training
asxl1_new,0,152,456,Training
asxl1_unknown,0,153,456,Training
tp53_FALSE.,0,154,456,Training
tp53_TRUE.,0,155,456,Training
tp53_new,0,156,456,Training
tp53_unknown,0,157,456,Training
DNMT3A_FALSE.,0,158,456,Training
DNMT3A_TRUE.,0,159,456,Training
DNMT3A_new,0,160,456,Training
DNMT3A_unknown,0,161,456,Training
IDH1_FALSE.,0,162,456,Training
IDH1_TRUE.,0,163,456,Training
IDH1_new,0,164,456,Training
IDH1_unknown,0,165,456,Training
IDH2_FALSE.,0,166,456,Training
IDH2_TRUE.,0,167,456,Training
IDH2_new,0,168,456,Training
IDH2_unknown,0,169,456,Training
KRAS_FALSE.,0,170,456,Training
KRAS_TRUE.,0,171,456,Training
KRAS_new,0,172,456,Training
KRAS_unknown,0,173,456,Training
NRAS_FALSE.,0,174,456,Training
NRAS_TRUE.,0,175,456,Training
NRAS_new,0,176,456,Training
NRAS_unknown,0,177,456,Training
PTPN11_FALSE.,0,178,456,Training
PTPN11_TRUE.,0,179,456,Training
PTPN11_new,0,180,456,Training
PTPN11_unknown,0,181,456,Training
spliceosome_FALSE.,0,182,456,Training
spliceosome_TRUE.,0,183,456,Training
spliceosome_new,0,184,456,Training
spliceosome_unknown,0,185,456,Training
cohesin_FALSE.,0,186,456,Training
cohesin_TRUE.,0,187,456,Training
cohesin_new,0,188,456,Training
cohesin_unknown,0,189,456,Training
ras_pathway_FALSE.,0,190,456,Training
ras_pathway_TRUE.,0,191,456,Training
ras_pathway_new,0,192,456,Training
ras_pathway_unknown,0,193,456,Training
cyto_t_8_21_FALSE.,0,194,456,Training
cyto_t_8_21_TRUE.,0,195,456,Training
cyto_t_8_21_new,0,196,456,Training
cyto_t_8_21_unknown,0,197,456,Training
cyto_inv16_FALSE.,0,198,456,Training
cyto_inv16_TRUE.,0,199,456,Training
cyto_inv16_new,0,200,456,Training
cyto_inv16_unknown,0,201,456,Training
cyto_cbf_FALSE.,0,202,456,Training
cyto_cbf_TRUE.,0,203,456,Training
cyto_cbf_new,0,204,456,Training
cyto_cbf_unknown,0,205,456,Training
cyto_t_15_17_FALSE.,0,206,456,Training
cyto_t_15_17_TRUE.,0,207,456,Training
cyto_t_15_17_new,0,208,456,Training
cyto_t_15_17_unknown,0,209,456,Training
cyto_inv3_FALSE.,0,210,456,Training
cyto_inv3_TRUE.,0,211,456,Training
cyto_inv3_new,0,212,456,Training
cyto_inv3_unknown,0,213,456,Training
cyto_t_6_9_FALSE.,0,214,456,Training
cyto_t_6_9_TRUE.,0,215,456,Training
cyto_t_6_9_new,0,216,456,Training
cyto_t_6_9_unknown,0,217,456,Training
cyto_5_7_abn_FALSE.,0,218,456,Training
cyto_5_7_abn_TRUE.,0,219,456,Training
cyto_5_7_abn_new,0,220,456,Training
cyto_5_7_abn_unknown,0,221,456,Training
cyto_plus8_FALSE.,0,222,456,Training
cyto_plus8_TRUE.,0,223,456,Training
cyto_plus8_new,0,224,456,Training
cyto_plus8_unknown,0,225,456,Training
cyto_normal_FALSE.,0,226,456,Training
cyto_normal_TRUE.,0,227,456,Training
cyto_normal_new,0,228,456,Training
cyto_normal_unknown,0,229,456,Training
eln_clean_Intermediate,0,230,456,Training
eln_clean_new,0,231,456,Training
eln_clean_unknown,0,232,456,Training
eln_clean_Favorable,4.143118858337403e-6,1,789,Training
IL10,2.301534016927083e-6,2,789,Training
age_dx,1.2326240539550781e-6,3,789,Training
npm1_TRUE.,7.388989130655924e-7,4,789,Training
EGF,6.278355916341146e-7,5,789,Training
CXCR2,5.65648078918457e-7,6,789,Training
CXCL9,5.320707956949869e-7,7,789,Training
blasts_bm,4.4127305348714193e-07,8,789,Training
wbc,3.957748413085938e-7,9,789,Training
IL33,3.8822491963704424e-7,10,789,Training
IL15,3.045797348022461e-7,11,789,Training
BSG,2.632538477579753e-7,12,789,Training
CST3,2.586841583251953e-7,13,789,Training
CXCL2,2.47955322265625e-7,14,789,Training
CXCL5,1.9987424214680988e-7,15,789,Training
ELANE,1.7503897349039713e-7,16,789,Training
CXCL12,1.7424424489339193e-7,17,789,Training
T cells CD4 memory activated,1.73648198445638e-7,18,789,Training
HSC.Prog,1.5397866566975912e-7,19,789,Training
SASP,1.4881292978922526e-7,20,789,Training
Plasma cells,1.333157221476237e-7,21,789,Training
npm1_FALSE.,1.2020270029703776e-7,22,789,Training
T cells CD4 memory resting,1.1185805002848308e-7,23,789,Training
IFNB1,1.1046727498372395e-7,24,789,Training
HSC.like,1.049041748046875e-7,25,789,Training
IL1A,9.914239247639974e-8,26,789,Training
GMP.like,8.761882781982422e-8,27,789,Training
CXCR1,8.54333241780599e-8,28,789,Training
Progenitor.like,7.987022399902344e-8,29,789,Training
Stroma,7.907549540201823e-8,30,789,Training
B cells naive,7.430712381998697e-8,31,789,Training
IL11,7.390975952148437e-8,32,789,Training
creatinine,7.291634877522787e-8,33,789,Training
NK cells resting,7.271766662597656e-8,34,789,Training
Myeloid.like,7.053216298421224e-8,35,789,Training
MMP1,6.894270579020183e-8,36,789,Training
CCL5,6.377696990966797e-8,37,789,Training
Myeloid,6.318092346191407e-8,38,789,Training
IL18,6.119410196940104e-8,39,789,Training
blasts_pb,5.980332692464193e-8,40,789,Training
FGF2,5.960464477539063e-8,41,789,Training
Exhausted.T.cells,5.463759104410808e-8,42,789,Training
MMP2,5.463759104410808e-8,43,789,Training
cDC.like,4.9273173014322916e-8,44,789,Training
HBEGF,4.669030507405599e-8,45,789,Training
VEGFA,4.5299530029296876e-8,46,789,Training
GMP,4.3511390686035155e-8,47,789,Training
IFNG,4.3312708536783855e-8,48,789,Training
hemoglobin,4.092852274576823e-8,49,789,Training
MHC2,4.053115844726562e-8,50,789,Training
Monocytes,3.854433695475261e-8,51,789,Training
Mast cells resting,3.417332967122396e-8,52,789,Training
SERPINE1,2.9206275939941406e-8,53,789,Training
CCL2,2.8808911641438802e-8,54,789,Training
B cells memory,2.7219454447428385e-8,55,789,Training
T cells CD8,2.6027361551920572e-8,56,789,Training
Cytolytic_score,2.5431315104166668e-8,57,789,Training
LTR.ERVK,2.5431315104166665e-8,58,789,Training
CSTB,2.384185791015625e-8,59,789,Training
hematocrit,2.3444493611653648e-8,60,789,Training
Apoptosis,2.304712931315104e-8,61,789,Training
lymph_pct,2.284844716389974e-8,62,789,Training
CCL3,2.2451082865397138e-8,63,789,Training
HGF,2.1457672119140624e-8,64,789,Training
CXCL10,2.1258989969889324e-8,65,789,Training
albumin,2.106030782063802e-8,66,789,Training
Monocyte.like,2.0662943522135417e-8,67,789,Training
CXCL11,2.006689707438151e-8,68,789,Training
IL1RN,1.9470850626627604e-8,69,789,Training
T cells follicular helper,1.808007558186849e-8,70,789,Training
TGFA,1.7484029134114583e-8,71,789,Training
IL4,1.6887982686360677e-8,72,789,Training
LTR.ERVL,1.629193623860677e-8,73,789,Training
TEK,1.509984334309896e-8,74,789,Training
IL1B,1.4901161193847656e-8,75,789,Training
Neutrophils,1.4503796895345053e-8,76,789,Training
Eosinophils,1.430511474609375e-8,77,789,Training
Cellular_senescence,1.3907750447591146e-8,78,789,Training
IL6,1.3907750447591146e-8,79,789,Training
IL12A,1.3907750447591146e-8,80,789,Training
LINE.L1,1.3113021850585938e-8,81,789,Training
Promono.like,1.2516975402832032e-8,82,789,Training
LTR.ERV1,1.2516975402832032e-8,83,789,Training
platelet,1.1126200358072917e-8,84,789,Training
Macrophages M1,1.0927518208821615e-8,85,789,Training
Macrophages M2,1.0728836059570312e-8,86,789,Training
ldh,1.0331471761067709e-8,87,789,Training
MMP9,9.735425313313802e-9,88,789,Training
sex_Female,9.735425313313802e-9,89,789,Training
LINE.CR1,9.338061014811198e-9,90,789,Training
CCL4,9.139378865559897e-9,91,789,Training
LINE.L2,8.940696716308593e-9,92,789,Training
CXCL1,7.947285970052085e-9,93,789,Training
RMSE,7.947285970052083e-9,94,789,Training
eln_clean_Unknown,7.748603820800782e-9,95,789,Training
mono_pct,7.1525573730468756e-9,96,789,Training
Mast cells activated,7.1525573730468756e-9,97,789,Training
ARG1,7.152557373046875e-9,98,789,Training
Cytotoxicity,6.953875223795573e-9,99,789,Training
Macrophages M0,6.755193074544271e-9,100,789,Training
IL13,6.755193074544271e-9,101,789,Training
TGFB1,6.556510925292969e-9,102,789,Training
Proliferation,5.960464477539062e-9,103,789,Training
LTR.ERVL.MaLR,5.563100179036459e-9,104,789,Training
T.cell.senescence,5.364418029785156e-9,105,789,Training
CFD,4.76837158203125e-9,106,789,Training
SINE.Alu,3.973642985026042e-9,107,789,Training
eln_clean_Adverse,3.5762786865234374e-9,108,789,Training
sex_Male,1.3907750447591146e-9,109,789,Training
SINE.MIR,9.934107462565106e-10,110,789,Training
flt3_itd_ar,3.9736429850260414e-10,111,789,Training
T cells CD4 naive,0,112,789,Training
T cells regulatory (Tregs),0,113,789,Training
T cells gamma delta,0,114,789,Training
NK cells activated,0,115,789,Training
Dendritic cells resting,0,116,789,Training
Dendritic cells activated,0,117,789,Training
CX3CL1,0,118,789,Training
IL2,0,119,789,Training
IL5,0,120,789,Training
FGF1,0,121,789,Training
MMP3,0,122,789,Training
CSF2,0,123,789,Training
IL25,0,124,789,Training
IFNA1,0,125,789,Training
sex_new,0,126,789,Training
sex_unknown,0,127,789,Training
prior_mds_FALSE.,0,128,789,Training
prior_mds_TRUE.,0,129,789,Training
prior_mds_new,0,130,789,Training
prior_mds_unknown,0,131,789,Training
prior_mpn_FALSE.,0,132,789,Training
prior_mpn_TRUE.,0,133,789,Training
prior_mpn_new,0,134,789,Training
prior_mpn_unknown,0,135,789,Training
secondary_aml_FALSE.,0,136,789,Training
secondary_aml_TRUE.,0,137,789,Training
secondary_aml_new,0,138,789,Training
secondary_aml_unknown,0,139,789,Training
flt3_itd_FALSE.,0,140,789,Training
flt3_itd_TRUE.,0,141,789,Training
flt3_itd_new,0,142,789,Training
flt3_itd_unknown,0,143,789,Training
npm1_new,0,144,789,Training
npm1_unknown,0,145,789,Training
runx1_FALSE.,0,146,789,Training
runx1_TRUE.,0,147,789,Training
runx1_new,0,148,789,Training
runx1_unknown,0,149,789,Training
asxl1_FALSE.,0,150,789,Training
asxl1_TRUE.,0,151,789,Training
asxl1_new,0,152,789,Training
asxl1_unknown,0,153,789,Training
tp53_FALSE.,0,154,789,Training
tp53_TRUE.,0,155,789,Training
tp53_new,0,156,789,Training
tp53_unknown,0,157,789,Training
DNMT3A_FALSE.,0,158,789,Training
DNMT3A_TRUE.,0,159,789,Training
DNMT3A_new,0,160,789,Training
DNMT3A_unknown,0,161,789,Training
IDH1_FALSE.,0,162,789,Training
IDH1_TRUE.,0,163,789,Training
IDH1_new,0,164,789,Training
IDH1_unknown,0,165,789,Training
IDH2_FALSE.,0,166,789,Training
IDH2_TRUE.,0,167,789,Training
IDH2_new,0,168,789,Training
IDH2_unknown,0,169,789,Training
KRAS_FALSE.,0,170,789,Training
KRAS_TRUE.,0,171,789,Training
KRAS_new,0,172,789,Training
KRAS_unknown,0,173,789,Training
NRAS_FALSE.,0,174,789,Training
NRAS_TRUE.,0,175,789,Training
NRAS_new,0,176,789,Training
NRAS_unknown,0,177,789,Training
PTPN11_FALSE.,0,178,789,Training
PTPN11_TRUE.,0,179,789,Training
PTPN11_new,0,180,789,Training
PTPN11_unknown,0,181,789,Training
spliceosome_FALSE.,0,182,789,Training
spliceosome_TRUE.,0,183,789,Training
spliceosome_new,0,184,789,Training
spliceosome_unknown,0,185,789,Training
cohesin_FALSE.,0,186,789,Training
cohesin_TRUE.,0,187,789,Training
cohesin_new,0,188,789,Training
cohesin_unknown,0,189,789,Training
ras_pathway_FALSE.,0,190,789,Training
ras_pathway_TRUE.,0,191,789,Training
ras_pathway_new,0,192,789,Training
ras_pathway_unknown,0,193,789,Training
cyto_t_8_21_FALSE.,0,194,789,Training
cyto_t_8_21_TRUE.,0,195,789,Training
cyto_t_8_21_new,0,196,789,Training
cyto_t_8_21_unknown,0,197,789,Training
cyto_inv16_FALSE.,0,198,789,Training
cyto_inv16_TRUE.,0,199,789,Training
cyto_inv16_new,0,200,789,Training
cyto_inv16_unknown,0,201,789,Training
cyto_cbf_FALSE.,0,202,789,Training
cyto_cbf_TRUE.,0,203,789,Training
cyto_cbf_new,0,204,789,Training
cyto_cbf_unknown,0,205,789,Training
cyto_t_15_17_FALSE.,0,206,789,Training
cyto_t_15_17_TRUE.,0,207,789,Training
cyto_t_15_17_new,0,208,789,Training
cyto_t_15_17_unknown,0,209,789,Training
cyto_inv3_FALSE.,0,210,789,Training
cyto_inv3_TRUE.,0,211,789,Training
cyto_inv3_new,0,212,789,Training
cyto_inv3_unknown,0,213,789,Training
cyto_t_6_9_FALSE.,0,214,789,Training
cyto_t_6_9_TRUE.,0,215,789,Training
cyto_t_6_9_new,0,216,789,Training
cyto_t_6_9_unknown,0,217,789,Training
cyto_5_7_abn_FALSE.,0,218,789,Training
cyto_5_7_abn_TRUE.,0,219,789,Training
cyto_5_7_abn_new,0,220,789,Training
cyto_5_7_abn_unknown,0,221,789,Training
cyto_plus8_FALSE.,0,222,789,Training
cyto_plus8_TRUE.,0,223,789,Training
cyto_plus8_new,0,224,789,Training
cyto_plus8_unknown,0,225,789,Training
cyto_normal_FALSE.,0,226,789,Training
cyto_normal_TRUE.,0,227,789,Training
cyto_normal_new,0,228,789,Training
cyto_normal_unknown,0,229,789,Training
eln_clean_Intermediate,0,230,789,Training
eln_clean_new,0,231,789,Training
eln_clean_unknown,0,232,789,Training
eln_clean_Favorable,4.233320554097493e-6,1,1011,Training
IL10,2.156496047973633e-6,2,1011,Training
age_dx,1.2822945912679036e-6,3,1011,Training
EGF,8.16186269124349e-7,4,1011,Training
npm1_TRUE.,7.875760396321615e-7,5,1011,Training
CXCR2,5.714098612467448e-7,6,1011,Training
CXCL9,5.141894022623698e-7,7,1011,Training
IL33,4.4981638590494793e-7,8,1011,Training
blasts_bm,4.198153813680013e-7,9,1011,Training
wbc,3.8544336954752605e-7,10,1011,Training
CST3,2.785523732503255e-7,11,1011,Training
BSG,2.682209014892578e-7,12,1011,Training
IL15,2.662340799967448e-7,13,1011,Training
CXCL2,2.547105153401693e-7,14,1011,Training
T cells CD4 memory activated,2.2451082865397135e-7,15,1011,Training
ELANE,2.0007292429606119e-7,16,1011,Training
CXCL5,1.7881393432617188e-07,17,1011,Training
CXCL12,1.7523765563964843e-7,18,1011,Training
HSC.Prog,1.6113122304280598e-7,19,1011,Training
SASP,1.6073385874430336e-7,20,1011,Training
Plasma cells,1.3252099355061848e-7,21,1011,Training
HSC.like,1.2437502543131512e-7,22,1011,Training
IFNB1,1.2218952178955077e-7,23,1011,Training
IL1A,1.0132789611816406e-7,24,1011,Training
T cells CD4 memory resting,1.0112921396891277e-7,25,1011,Training
npm1_FALSE.,9.218851725260416e-8,26,1011,Training
B cells naive,8.364518483479818e-8,27,1011,Training
NK cells resting,7.828076680501302e-8,28,1011,Training
CCL5,7.828076680501302e-8,29,1011,Training
Stroma,7.808208465576172e-8,30,1011,Training
GMP.like,7.589658101399739e-8,31,1011,Training
Myeloid.like,7.53005345662435e-8,32,1011,Training
CXCR1,7.271766662597656e-8,33,1011,Training
Progenitor.like,7.172425587972005e-8,34,1011,Training
creatinine,7.053216298421224e-8,35,1011,Training
IL11,6.874402364095052e-8,36,1011,Training
MMP2,6.556510925292969e-8,37,1011,Training
MMP1,6.119410196940104e-8,38,1011,Training
cDC.like,6.059805552164713e-8,39,1011,Training
Myeloid,6.000200907389323e-8,40,1011,Training
Exhausted.T.cells,5.424022674560547e-8,41,1011,Training
IL18,5.3644180297851564e-8,42,1011,Training
blasts_pb,5.046526590983073e-8,43,1011,Training
HBEGF,4.669030507405599e-8,44,1011,Training
GMP,4.609425862630208e-8,45,1011,Training
IFNG,4.549821217854818e-8,46,1011,Training
VEGFA,4.251797993977865e-8,47,1011,Training
B cells memory,4.231929779052734e-8,48,1011,Training
hemoglobin,4.1524569193522135e-8,49,1011,Training
MHC2,3.9140383402506514e-8,50,1011,Training
FGF2,3.9140383402506514e-8,51,1011,Training
Monocytes,3.874301910400391e-8,52,1011,Training
Mast cells resting,3.5762786865234374e-8,53,1011,Training
SERPINE1,3.457069396972657e-8,54,1011,Training
Apoptosis,3.218650817871094e-8,55,1011,Training
CSTB,3.039836883544922e-8,56,1011,Training
LTR.ERVK,2.8212865193684896e-8,57,1011,Training
CCL2,2.8014183044433595e-8,58,1011,Training
Cytolytic_score,2.4437904357910158e-8,59,1011,Training
T cells CD8,2.3643175760904948e-8,60,1011,Training
albumin,2.3245811462402345e-8,61,1011,Training
lymph_pct,2.1457672119140624e-8,62,1011,Training
TGFA,2.1457672119140624e-8,63,1011,Training
CCL3,2.0265579223632814e-8,64,1011,Training
Monocyte.like,1.9868214925130207e-8,65,1011,Training
CXCL11,1.9470850626627604e-8,66,1011,Training
IL1RN,1.8477439880371094e-8,67,1011,Training
HGF,1.7881393432617187e-8,68,1011,Training
hematocrit,1.7682711283365887e-8,69,1011,Training
IL1B,1.7484029134114583e-8,70,1011,Training
Eosinophils,1.6887982686360677e-8,71,1011,Training
CXCL10,1.6689300537109377e-8,72,1011,Training
Cellular_senescence,1.4901161193847656e-8,73,1011,Training
T cells follicular helper,1.4901161193847656e-8,74,1011,Training
Promono.like,1.4702479044596355e-8,75,1011,Training
LINE.L1,1.3907750447591146e-8,76,1011,Training
ldh,1.3113021850585938e-8,77,1011,Training
IL12A,1.2914339701334636e-8,78,1011,Training
LTR.ERVL,1.2715657552083332e-8,79,1011,Training
TEK,1.2516975402832032e-8,80,1011,Training
platelet,1.251697540283203e-8,81,1011,Training
MMP9,1.251697540283203e-8,82,1011,Training
IL6,1.2119611104329427e-8,83,1011,Training
CCL4,1.1920928955078126e-8,84,1011,Training
Macrophages M2,1.1722246805826824e-8,85,1011,Training
sex_Female,1.0728836059570312e-8,86,1011,Training
LINE.CR1,1.0132789611816407e-8,87,1011,Training
Macrophages M0,1.0132789611816405e-8,88,1011,Training
T.cell.senescence,9.735425313313802e-9,89,1011,Training
Macrophages M1,9.735425313313802e-9,90,1011,Training
IL4,9.735425313313802e-9,91,1011,Training
LTR.ERV1,9.139378865559897e-9,92,1011,Training
Neutrophils,9.139378865559895e-9,93,1011,Training
eln_clean_Unknown,8.940696716308595e-9,94,1011,Training
LINE.L2,8.742014567057292e-9,95,1011,Training
Mast cells activated,8.344650268554688e-9,96,1011,Training
RMSE,7.54992167154948e-9,97,1011,Training
mono_pct,7.351239522298177e-9,98,1011,Training
Proliferation,7.152557373046875e-9,99,1011,Training
CXCL1,7.152557373046875e-9,100,1011,Training
LTR.ERVL.MaLR,6.953875223795573e-9,101,1011,Training
TGFB1,6.357828776041667e-9,102,1011,Training
IL13,5.960464477539063e-9,103,1011,Training
Cytotoxicity,5.76178232828776e-9,104,1011,Training
ARG1,5.563100179036459e-9,105,1011,Training
CFD,4.569689432779948e-9,106,1011,Training
SINE.Alu,3.9736429850260424e-9,107,1011,Training
eln_clean_Adverse,3.973642985026042e-9,108,1011,Training
sex_Male,3.3775965372721352e-9,109,1011,Training
flt3_itd_ar,5.960464477539063e-10,110,1011,Training
SINE.MIR,5.960464477539063e-10,111,1011,Training
T cells CD4 naive,0,112,1011,Training
T cells regulatory (Tregs),0,113,1011,Training
T cells gamma delta,0,114,1011,Training
NK cells activated,0,115,1011,Training
Dendritic cells resting,0,116,1011,Training
Dendritic cells activated,0,117,1011,Training
CX3CL1,0,118,1011,Training
IL2,0,119,1011,Training
IL5,0,120,1011,Training
FGF1,0,121,1011,Training
MMP3,0,122,1011,Training
CSF2,0,123,1011,Training
IL25,0,124,1011,Training
IFNA1,0,125,1011,Training
sex_new,0,126,1011,Training
sex_unknown,0,127,1011,Training
prior_mds_FALSE.,0,128,1011,Training
prior_mds_TRUE.,0,129,1011,Training
prior_mds_new,0,130,1011,Training
prior_mds_unknown,0,131,1011,Training
prior_mpn_FALSE.,0,132,1011,Training
prior_mpn_TRUE.,0,133,1011,Training
prior_mpn_new,0,134,1011,Training
prior_mpn_unknown,0,135,1011,Training
secondary_aml_FALSE.,0,136,1011,Training
secondary_aml_TRUE.,0,137,1011,Training
secondary_aml_new,0,138,1011,Training
secondary_aml_unknown,0,139,1011,Training
flt3_itd_FALSE.,0,140,1011,Training
flt3_itd_TRUE.,0,141,1011,Training
flt3_itd_new,0,142,1011,Training
flt3_itd_unknown,0,143,1011,Training
npm1_new,0,144,1011,Training
npm1_unknown,0,145,1011,Training
runx1_FALSE.,0,146,1011,Training
runx1_TRUE.,0,147,1011,Training
runx1_new,0,148,1011,Training
runx1_unknown,0,149,1011,Training
asxl1_FALSE.,0,150,1011,Training
asxl1_TRUE.,0,151,1011,Training
asxl1_new,0,152,1011,Training
asxl1_unknown,0,153,1011,Training
tp53_FALSE.,0,154,1011,Training
tp53_TRUE.,0,155,1011,Training
tp53_new,0,156,1011,Training
tp53_unknown,0,157,1011,Training
DNMT3A_FALSE.,0,158,1011,Training
DNMT3A_TRUE.,0,159,1011,Training
DNMT3A_new,0,160,1011,Training
DNMT3A_unknown,0,161,1011,Training
IDH1_FALSE.,0,162,1011,Training
IDH1_TRUE.,0,163,1011,Training
IDH1_new,0,164,1011,Training
IDH1_unknown,0,165,1011,Training
IDH2_FALSE.,0,166,1011,Training
IDH2_TRUE.,0,167,1011,Training
IDH2_new,0,168,1011,Training
IDH2_unknown,0,169,1011,Training
KRAS_FALSE.,0,170,1011,Training
KRAS_TRUE.,0,171,1011,Training
KRAS_new,0,172,1011,Training
KRAS_unknown,0,173,1011,Training
NRAS_FALSE.,0,174,1011,Training
NRAS_TRUE.,0,175,1011,Training
NRAS_new,0,176,1011,Training
NRAS_unknown,0,177,1011,Training
PTPN11_FALSE.,0,178,1011,Training
PTPN11_TRUE.,0,179,1011,Training
PTPN11_new,0,180,1011,Training
PTPN11_unknown,0,181,1011,Training
spliceosome_FALSE.,0,182,1011,Training
spliceosome_TRUE.,0,183,1011,Training
spliceosome_new,0,184,1011,Training
spliceosome_unknown,0,185,1011,Training
cohesin_FALSE.,0,186,1011,Training
cohesin_TRUE.,0,187,1011,Training
cohesin_new,0,188,1011,Training
cohesin_unknown,0,189,1011,Training
ras_pathway_FALSE.,0,190,1011,Training
ras_pathway_TRUE.,0,191,1011,Training
ras_pathway_new,0,192,1011,Training
ras_pathway_unknown,0,193,1011,Training
cyto_t_8_21_FALSE.,0,194,1011,Training
cyto_t_8_21_TRUE.,0,195,1011,Training
cyto_t_8_21_new,0,196,1011,Training
cyto_t_8_21_unknown,0,197,1011,Training
cyto_inv16_FALSE.,0,198,1011,Training
cyto_inv16_TRUE.,0,199,1011,Training
cyto_inv16_new,0,200,1011,Training
cyto_inv16_unknown,0,201,1011,Training
cyto_cbf_FALSE.,0,202,1011,Training
cyto_cbf_TRUE.,0,203,1011,Training
cyto_cbf_new,0,204,1011,Training
cyto_cbf_unknown,0,205,1011,Training
cyto_t_15_17_FALSE.,0,206,1011,Training
cyto_t_15_17_TRUE.,0,207,1011,Training
cyto_t_15_17_new,0,208,1011,Training
cyto_t_15_17_unknown,0,209,1011,Training
cyto_inv3_FALSE.,0,210,1011,Training
cyto_inv3_TRUE.,0,211,1011,Training
cyto_inv3_new,0,212,1011,Training
cyto_inv3_unknown,0,213,1011,Training
cyto_t_6_9_FALSE.,0,214,1011,Training
cyto_t_6_9_TRUE.,0,215,1011,Training
cyto_t_6_9_new,0,216,1011,Training
cyto_t_6_9_unknown,0,217,1011,Training
cyto_5_7_abn_FALSE.,0,218,1011,Training
cyto_5_7_abn_TRUE.,0,219,1011,Training
cyto_5_7_abn_new,0,220,1011,Training
cyto_5_7_abn_unknown,0,221,1011,Training
cyto_plus8_FALSE.,0,222,1011,Training
cyto_plus8_TRUE.,0,223,1011,Training
cyto_plus8_new,0,224,1011,Training
cyto_plus8_unknown,0,225,1011,Training
cyto_normal_FALSE.,0,226,1011,Training
cyto_normal_TRUE.,0,227,1011,Training
cyto_normal_new,0,228,1011,Training
cyto_normal_unknown,0,229,1011,Training
eln_clean_Intermediate,0,230,1011,Training
eln_clean_new,0,231,1011,Training
eln_clean_unknown,0,232,1011,Training
eln_clean_Favorable,4.341403643290201e-6,1,2025,Training
IL10,2.155900001525879e-6,2,2025,Training
age_dx,1.2592474619547525e-6,3,2025,Training
npm1_TRUE.,7.361173629760742e-7,4,2025,Training
EGF,6.628036499023438e-7,5,2025,Training
CXCR2,6.03795051574707e-7,6,2025,Training
CXCL9,4.589557647705078e-7,7,2025,Training
IL33,4.1584173838297525e-7,8,2025,Training
wbc,3.8504600524902344e-7,9,2025,Training
blasts_bm,3.270308176676432e-7,10,2025,Training
CST3,2.942482630411784e-7,11,2025,Training
IL15,2.8967857360839846e-7,12,2025,Training
BSG,2.737840016682943e-7,13,2025,Training
CXCL2,2.555052439371745e-7,14,2025,Training
T cells CD4 memory activated,2.382198969523112e-7,15,2025,Training
CXCL12,1.9768873850504559e-7,16,2025,Training
ELANE,1.8894672393798828e-7,17,2025,Training
SASP,1.7563501993815102e-7,18,2025,Training
CXCL5,1.7305215199788411e-7,19,2025,Training
HSC.Prog,1.6013781229654947e-7,20,2025,Training
Plasma cells,1.3232231140136717e-7,21,2025,Training
IFNB1,1.2973944346110027e-7,22,2025,Training
HSC.like,1.1285146077473958e-7,23,2025,Training
IL1A,1.0708967844645182e-7,24,2025,Training
npm1_FALSE.,9.854634602864583e-8,25,2025,Training
Myeloid,9.079774220784504e-8,26,2025,Training
T cells CD4 memory resting,8.801619211832682e-8,27,2025,Training
Progenitor.like,8.56320063273112e-8,28,2025,Training
creatinine,8.523464202880859e-8,29,2025,Training
GMP.like,8.225440979003907e-8,30,2025,Training
B cells naive,8.185704549153646e-8,31,2025,Training
CCL5,8.046627044677734e-8,32,2025,Training
Myeloid.like,7.867813110351563e-8,33,2025,Training
CXCR1,7.748603820800782e-8,34,2025,Training
Stroma,7.53005345662435e-8,35,2025,Training
IL11,6.953875223795573e-8,36,2025,Training
MMP1,6.775061289469401e-8,37,2025,Training
IL18,6.377696990966797e-8,38,2025,Training
NK cells resting,6.298224131266276e-8,39,2025,Training
cDC.like,6.238619486490885e-8,40,2025,Training
blasts_pb,5.602836608886719e-8,41,2025,Training
Exhausted.T.cells,5.5432319641113284e-8,42,2025,Training
MMP2,5.344549814860026e-8,43,2025,Training
GMP,4.986921946207682e-8,44,2025,Training
VEGFA,4.7087669372558596e-8,45,2025,Training
MHC2,4.589557647705078e-8,46,2025,Training
B cells memory,4.5299530029296876e-8,47,2025,Training
HBEGF,4.4902165730794275e-8,48,2025,Training
IFNG,4.3312708536783855e-8,49,2025,Training
FGF2,4.212061564127604e-8,50,2025,Training
Monocytes,3.635883331298828e-8,51,2025,Training
hemoglobin,3.2782554626464846e-8,52,2025,Training
Mast cells resting,3.178914388020833e-8,53,2025,Training
Apoptosis,3.039836883544922e-8,54,2025,Training
SERPINE1,3.039836883544922e-8,55,2025,Training
LTR.ERVK,3.039836883544922e-8,56,2025,Training
CXCL11,2.9206275939941406e-8,57,2025,Training
lymph_pct,2.7219454447428385e-8,58,2025,Training
T cells CD8,2.6822090148925782e-8,59,2025,Training
CSTB,2.642472585042318e-8,60,2025,Training
CCL3,2.5431315104166668e-8,61,2025,Training
CCL2,2.4437904357910158e-8,62,2025,Training
hematocrit,2.404054005940755e-8,63,2025,Training
albumin,2.404054005940755e-8,64,2025,Training
Cytolytic_score,2.086162567138672e-8,65,2025,Training
Monocyte.like,2.0662943522135417e-8,66,2025,Training
TGFA,1.9272168477376304e-8,67,2025,Training
IL1RN,1.92721684773763e-8,68,2025,Training
HGF,1.728534698486328e-8,69,2025,Training
IL1B,1.6490618387858073e-8,70,2025,Training
T cells follicular helper,1.5497207641601563e-8,71,2025,Training
IL4,1.5497207641601563e-8,72,2025,Training
TEK,1.5497207641601563e-8,73,2025,Training
CXCL10,1.529852549235026e-8,74,2025,Training
ldh,1.4503796895345053e-8,75,2025,Training
IL6,1.3907750447591146e-8,76,2025,Training
Promono.like,1.311302185058594e-8,77,2025,Training
Macrophages M2,1.3113021850585938e-8,78,2025,Training
Eosinophils,1.3113021850585938e-8,79,2025,Training
IL12A,1.2318293253580729e-8,80,2025,Training
Cellular_senescence,1.1920928955078126e-8,81,2025,Training
LTR.ERVL,1.0927518208821615e-8,82,2025,Training
MMP9,1.053015391031901e-8,83,2025,Training
eln_clean_Unknown,1.053015391031901e-8,84,2025,Training
Neutrophils,1.0331471761067709e-8,85,2025,Training
LTR.ERV1,1.0331471761067707e-8,86,2025,Training
platelet,9.735425313313802e-9,87,2025,Training
sex_Female,9.5367431640625e-9,88,2025,Training
RMSE,9.139378865559897e-9,89,2025,Training
LINE.CR1,9.139378865559897e-9,90,2025,Training
Proliferation,8.940696716308593e-9,91,2025,Training
LINE.L1,8.940696716308593e-9,92,2025,Training
Macrophages M1,8.54333241780599e-9,93,2025,Training
mono_pct,7.748603820800782e-9,94,2025,Training
IL13,7.54992167154948e-9,95,2025,Training
CFD,7.54992167154948e-9,96,2025,Training
LINE.L2,7.54992167154948e-9,97,2025,Training
CCL4,7.351239522298177e-9,98,2025,Training
CXCL1,7.1525573730468756e-9,99,2025,Training
Macrophages M0,7.152557373046875e-9,100,2025,Training
Mast cells activated,6.7551930745442705e-9,101,2025,Training
TGFB1,6.556510925292969e-9,102,2025,Training
ARG1,6.1591466267903645e-9,103,2025,Training
LTR.ERVL.MaLR,6.1591466267903645e-9,104,2025,Training
Cytotoxicity,5.960464477539063e-9,105,2025,Training
T.cell.senescence,4.967053731282552e-9,106,2025,Training
eln_clean_Adverse,3.3775965372721357e-9,107,2025,Training
sex_Male,1.986821492513021e-9,108,2025,Training
SINE.Alu,1.3907750447591146e-9,109,2025,Training
flt3_itd_ar,9.934107462565106e-10,110,2025,Training
SINE.MIR,7.947285970052083e-10,111,2025,Training
T cells CD4 naive,0,112,2025,Training
T cells regulatory (Tregs),0,113,2025,Training
T cells gamma delta,0,114,2025,Training
NK cells activated,0,115,2025,Training
Dendritic cells resting,0,116,2025,Training
Dendritic cells activated,0,117,2025,Training
CX3CL1,0,118,2025,Training
IL2,0,119,2025,Training
IL5,0,120,2025,Training
FGF1,0,121,2025,Training
MMP3,0,122,2025,Training
CSF2,0,123,2025,Training
IL25,0,124,2025,Training
IFNA1,0,125,2025,Training
sex_new,0,126,2025,Training
sex_unknown,0,127,2025,Training
prior_mds_FALSE.,0,128,2025,Training
prior_mds_TRUE.,0,129,2025,Training
prior_mds_new,0,130,2025,Training
prior_mds_unknown,0,131,2025,Training
prior_mpn_FALSE.,0,132,2025,Training
prior_mpn_TRUE.,0,133,2025,Training
prior_mpn_new,0,134,2025,Training
prior_mpn_unknown,0,135,2025,Training
secondary_aml_FALSE.,0,136,2025,Training
secondary_aml_TRUE.,0,137,2025,Training
secondary_aml_new,0,138,2025,Training
secondary_aml_unknown,0,139,2025,Training
flt3_itd_FALSE.,0,140,2025,Training
flt3_itd_TRUE.,0,141,2025,Training
flt3_itd_new,0,142,2025,Training
flt3_itd_unknown,0,143,2025,Training
npm1_new,0,144,2025,Training
npm1_unknown,0,145,2025,Training
runx1_FALSE.,0,146,2025,Training
runx1_TRUE.,0,147,2025,Training
runx1_new,0,148,2025,Training
runx1_unknown,0,149,2025,Training
asxl1_FALSE.,0,150,2025,Training
asxl1_TRUE.,0,151,2025,Training
asxl1_new,0,152,2025,Training
asxl1_unknown,0,153,2025,Training
tp53_FALSE.,0,154,2025,Training
tp53_TRUE.,0,155,2025,Training
tp53_new,0,156,2025,Training
tp53_unknown,0,157,2025,Training
DNMT3A_FALSE.,0,158,2025,Training
DNMT3A_TRUE.,0,159,2025,Training
DNMT3A_new,0,160,2025,Training
DNMT3A_unknown,0,161,2025,Training
IDH1_FALSE.,0,162,2025,Training
IDH1_TRUE.,0,163,2025,Training
IDH1_new,0,164,2025,Training
IDH1_unknown,0,165,2025,Training
IDH2_FALSE.,0,166,2025,Training
IDH2_TRUE.,0,167,2025,Training
IDH2_new,0,168,2025,Training
IDH2_unknown,0,169,2025,Training
KRAS_FALSE.,0,170,2025,Training
KRAS_TRUE.,0,171,2025,Training
KRAS_new,0,172,2025,Training
KRAS_unknown,0,173,2025,Training
NRAS_FALSE.,0,174,2025,Training
NRAS_TRUE.,0,175,2025,Training
NRAS_new,0,176,2025,Training
NRAS_unknown,0,177,2025,Training
PTPN11_FALSE.,0,178,2025,Training
PTPN11_TRUE.,0,179,2025,Training
PTPN11_new,0,180,2025,Training
PTPN11_unknown,0,181,2025,Training
spliceosome_FALSE.,0,182,2025,Training
spliceosome_TRUE.,0,183,2025,Training
spliceosome_new,0,184,2025,Training
spliceosome_unknown,0,185,2025,Training
cohesin_FALSE.,0,186,2025,Training
cohesin_TRUE.,0,187,2025,Training
cohesin_new,0,188,2025,Training
cohesin_unknown,0,189,2025,Training
ras_pathway_FALSE.,0,190,2025,Training
ras_pathway_TRUE.,0,191,2025,Training
ras_pathway_new,0,192,2025,Training
ras_pathway_unknown,0,193,2025,Training
cyto_t_8_21_FALSE.,0,194,2025,Training
cyto_t_8_21_TRUE.,0,195,2025,Training
cyto_t_8_21_new,0,196,2025,Training
cyto_t_8_21_unknown,0,197,2025,Training
cyto_inv16_FALSE.,0,198,2025,Training
cyto_inv16_TRUE.,0,199,2025,Training
cyto_inv16_new,0,200,2025,Training
cyto_inv16_unknown,0,201,2025,Training
cyto_cbf_FALSE.,0,202,2025,Training
cyto_cbf_TRUE.,0,203,2025,Training
cyto_cbf_new,0,204,2025,Training
cyto_cbf_unknown,0,205,2025,Training
cyto_t_15_17_FALSE.,0,206,2025,Training
cyto_t_15_17_TRUE.,0,207,2025,Training
cyto_t_15_17_new,0,208,2025,Training
cyto_t_15_17_unknown,0,209,2025,Training
cyto_inv3_FALSE.,0,210,2025,Training
cyto_inv3_TRUE.,0,211,2025,Training
cyto_inv3_new,0,212,2025,Training
cyto_inv3_unknown,0,213,2025,Training
cyto_t_6_9_FALSE.,0,214,2025,Training
cyto_t_6_9_TRUE.,0,215,2025,Training
cyto_t_6_9_new,0,216,2025,Training
cyto_t_6_9_unknown,0,217,2025,Training
cyto_5_7_abn_FALSE.,0,218,2025,Training
cyto_5_7_abn_TRUE.,0,219,2025,Training
cyto_5_7_abn_new,0,220,2025,Training
cyto_5_7_abn_unknown,0,221,2025,Training
cyto_plus8_FALSE.,0,222,2025,Training
cyto_plus8_TRUE.,0,223,2025,Training
cyto_plus8_new,0,224,2025,Training
cyto_plus8_unknown,0,225,2025,Training
cyto_normal_FALSE.,0,226,2025,Training
cyto_normal_TRUE.,0,227,2025,Training
cyto_normal_new,0,228,2025,Training
cyto_normal_unknown,0,229,2025,Training
eln_clean_Intermediate,0,230,2025,Training
eln_clean_new,0,231,2025,Training
eln_clean_unknown,0,232,2025,Training
eln_clean_Favorable,4.467487335205078e-6,1,123,Test
age_dx,1.5929539998372395e-6,2,123,Test
EGF,1.3162295023600261e-6,3,123,Test
IL10,9.781519571940105e-7,4,123,Test
HSC.like,5.950927734375e-7,5,123,Test
npm1_TRUE.,5.540847778320312e-7,6,123,Test
CXCR2,5.110104878743489e-7,7,123,Test
IL15,4.914601643880208e-7,8,123,Test
CXCL9,4.2978922526041666e-7,9,123,Test
IL33,3.4125645955403646e-7,10,123,Test
wbc,3.1677881876627604e-7,11,123,Test
BSG,2.996126810709635e-7,12,123,Test
HSC.Prog,2.395311991373698e-7,13,123,Test
CST3,2.387364705403646e-7,14,123,Test
T cells CD4 memory activated,2.13623046875e-7,15,123,Test
creatinine,1.354217529296875e-7,16,123,Test
Plasma cells,1.339912414550781e-7,17,123,Test
T cells CD4 memory resting,1.2763341267903646e-7,18,123,Test
B cells memory,1.2699762980143228e-7,19,123,Test
CXCL12,1.220703125e-7,20,123,Test
SASP,1.1889139811197916e-7,21,123,Test
CXCL2,1.0840098063151042e-7,22,123,Test
NK cells resting,1.0776519775390625e-7,23,123,Test
blasts_bm,9.870529174804687e-8,24,123,Test
IFNB1,9.854634602864583e-8,25,123,Test
ELANE,9.854634602864583e-8,26,123,Test
B cells naive,9.314219156901042e-8,27,123,Test
Progenitor.like,9.075800577799479e-8,28,123,Test
CXCL5,8.789698282877604e-8,29,123,Test
FGF2,8.31286112467448e-8,30,123,Test
CCL5,8.281071980794271e-8,31,123,Test
CXCR1,8.265177408854167e-8,32,123,Test
Myeloid,8.058547973632813e-8,33,123,Test
GMP.like,7.422765096028646e-8,34,123,Test
IL18,7.422765096028646e-8,35,123,Test
MMP2,7.375081380208334e-8,36,123,Test
blasts_pb,7.343292236328125e-8,37,123,Test
npm1_FALSE.,7.327397664388021e-8,38,123,Test
IL1A,7.216135660807291e-8,39,123,Test
MHC2,7.104873657226562e-8,40,123,Test
Stroma,6.914138793945312e-8,41,123,Test
Myeloid.like,6.56445821126302e-8,42,123,Test
Exhausted.T.cells,6.214777628580729e-8,43,123,Test
IFNG,5.499521891276042e-8,44,123,Test
Monocytes,5.054473876953125e-8,45,123,Test
Apoptosis,3.687540690104167e-8,46,123,Test
cDC.like,3.417332967122396e-8,47,123,Test
GMP,3.210703531901042e-8,48,123,Test
CSTB,3.0040740966796875e-8,49,123,Test
CXCL11,2.924601236979167e-8,50,123,Test
SERPINE1,2.8451283772786458e-8,51,123,Test
Cytolytic_score,2.7974446614583333e-8,52,123,Test
HBEGF,2.7020772298177085e-8,53,123,Test
LTR.ERVK,2.654393513997396e-8,54,123,Test
albumin,2.574920654296875e-8,55,123,Test
LINE.L1,2.4000803629557292e-8,56,123,Test
CCL3,2.3682912190755207e-8,57,123,Test
TGFA,2.3047129313151044e-8,58,123,Test
IL1B,2.288818359375e-8,59,123,Test
Mast cells resting,2.272923787434896e-8,60,123,Test
IL11,2.2411346435546875e-8,61,123,Test
MMP1,2.177556355794271e-8,62,123,Test
IL1RN,2.0662943522135417e-8,63,123,Test
IL12A,2.0503997802734377e-8,64,123,Test
IL4,1.9709269205729167e-8,65,123,Test
VEGFA,1.923243204752604e-8,66,123,Test
LTR.ERV1,1.8755594889322916e-8,67,123,Test
RMSE,1.827875773111979e-8,68,123,Test
T cells CD8,1.7325083414713543e-8,69,123,Test
CXCL10,1.7325083414713543e-8,70,123,Test
lymph_pct,1.6689300537109377e-8,71,123,Test
Eosinophils,1.6053517659505207e-8,72,123,Test
TEK,1.4781951904296875e-8,73,123,Test
CCL2,1.4464060465494792e-8,74,123,Test
LTR.ERVL,1.430511474609375e-8,75,123,Test
Monocyte.like,1.4146169026692709e-8,76,123,Test
Proliferation,1.3669331868489583e-8,77,123,Test
platelet,1.3192494710286458e-8,78,123,Test
T cells follicular helper,1.2079874674479166e-8,79,123,Test
Neutrophils,1.1920928955078126e-8,80,123,Test
hemoglobin,1.1126200358072917e-8,81,123,Test
IL13,1.0808308919270834e-8,82,123,Test
LINE.L2,1.0808308919270834e-8,83,123,Test
Promono.like,1.049041748046875e-8,84,123,Test
sex_Female,1.0331471761067709e-8,85,123,Test
HGF,1.0172526041666666e-8,86,123,Test
hematocrit,8.742014567057292e-9,87,123,Test
Macrophages M2,8.742014567057292e-9,88,123,Test
mono_pct,8.265177408854166e-9,89,123,Test
MMP9,8.106231689453126e-9,90,123,Test
IL6,7.62939453125e-9,91,123,Test
T.cell.senescence,7.311503092447916e-9,92,123,Test
CXCL1,7.1525573730468756e-9,93,123,Test
ldh,6.993611653645833e-9,94,123,Test
Cellular_senescence,6.67572021484375e-9,95,123,Test
CCL4,6.67572021484375e-9,96,123,Test
SINE.Alu,6.198883056640625e-9,97,123,Test
Macrophages M0,6.039937337239583e-9,98,123,Test
Macrophages M1,6.039937337239583e-9,99,123,Test
eln_clean_Unknown,5.563100179036459e-9,100,123,Test
TGFB1,4.9273173014322925e-9,101,123,Test
CFD,4.450480143229167e-9,102,123,Test
Cytotoxicity,4.2915344238281255e-9,103,123,Test
ARG1,3.814697265625e-9,104,123,Test
LTR.ERVL.MaLR,3.496805826822917e-9,105,123,Test
Mast cells activated,3.4968058268229166e-9,106,123,Test
SINE.MIR,3.1789143880208335e-9,107,123,Test
LINE.CR1,3.0199686686197916e-9,108,123,Test
eln_clean_Adverse,2.5431315104166666e-9,109,123,Test
sex_Male,2.0662943522135416e-9,110,123,Test
flt3_itd_ar,7.947285970052083e-10,111,123,Test
T cells CD4 naive,0,112,123,Test
T cells regulatory (Tregs),0,113,123,Test
T cells gamma delta,0,114,123,Test
NK cells activated,0,115,123,Test
Dendritic cells resting,0,116,123,Test
Dendritic cells activated,0,117,123,Test
CX3CL1,0,118,123,Test
IL2,0,119,123,Test
IL5,0,120,123,Test
FGF1,0,121,123,Test
MMP3,0,122,123,Test
CSF2,0,123,123,Test
IL25,0,124,123,Test
IFNA1,0,125,123,Test
sex_new,0,126,123,Test
sex_unknown,0,127,123,Test
prior_mds_FALSE.,0,128,123,Test
prior_mds_TRUE.,0,129,123,Test
prior_mds_new,0,130,123,Test
prior_mds_unknown,0,131,123,Test
prior_mpn_FALSE.,0,132,123,Test
prior_mpn_TRUE.,0,133,123,Test
prior_mpn_new,0,134,123,Test
prior_mpn_unknown,0,135,123,Test
secondary_aml_FALSE.,0,136,123,Test
secondary_aml_TRUE.,0,137,123,Test
secondary_aml_new,0,138,123,Test
secondary_aml_unknown,0,139,123,Test
flt3_itd_FALSE.,0,140,123,Test
flt3_itd_TRUE.,0,141,123,Test
flt3_itd_new,0,142,123,Test
flt3_itd_unknown,0,143,123,Test
npm1_new,0,144,123,Test
npm1_unknown,0,145,123,Test
runx1_FALSE.,0,146,123,Test
runx1_TRUE.,0,147,123,Test
runx1_new,0,148,123,Test
runx1_unknown,0,149,123,Test
asxl1_FALSE.,0,150,123,Test
asxl1_TRUE.,0,151,123,Test
asxl1_new,0,152,123,Test
asxl1_unknown,0,153,123,Test
tp53_FALSE.,0,154,123,Test
tp53_TRUE.,0,155,123,Test
tp53_new,0,156,123,Test
tp53_unknown,0,157,123,Test
DNMT3A_FALSE.,0,158,123,Test
DNMT3A_TRUE.,0,159,123,Test
DNMT3A_new,0,160,123,Test
DNMT3A_unknown,0,161,123,Test
IDH1_FALSE.,0,162,123,Test
IDH1_TRUE.,0,163,123,Test
IDH1_new,0,164,123,Test
IDH1_unknown,0,165,123,Test
IDH2_FALSE.,0,166,123,Test
IDH2_TRUE.,0,167,123,Test
IDH2_new,0,168,123,Test
IDH2_unknown,0,169,123,Test
KRAS_FALSE.,0,170,123,Test
KRAS_TRUE.,0,171,123,Test
KRAS_new,0,172,123,Test
KRAS_unknown,0,173,123,Test
NRAS_FALSE.,0,174,123,Test
NRAS_TRUE.,0,175,123,Test
NRAS_new,0,176,123,Test
NRAS_unknown,0,177,123,Test
PTPN11_FALSE.,0,178,123,Test
PTPN11_TRUE.,0,179,123,Test
PTPN11_new,0,180,123,Test
PTPN11_unknown,0,181,123,Test
spliceosome_FALSE.,0,182,123,Test
spliceosome_TRUE.,0,183,123,Test
spliceosome_new,0,184,123,Test
spliceosome_unknown,0,185,123,Test
cohesin_FALSE.,0,186,123,Test
cohesin_TRUE.,0,187,123,Test
cohesin_new,0,188,123,Test
cohesin_unknown,0,189,123,Test
ras_pathway_FALSE.,0,190,123,Test
ras_pathway_TRUE.,0,191,123,Test
ras_pathway_new,0,192,123,Test
ras_pathway_unknown,0,193,123,Test
cyto_t_8_21_FALSE.,0,194,123,Test
cyto_t_8_21_TRUE.,0,195,123,Test
cyto_t_8_21_new,0,196,123,Test
cyto_t_8_21_unknown,0,197,123,Test
cyto_inv16_FALSE.,0,198,123,Test
cyto_inv16_TRUE.,0,199,123,Test
cyto_inv16_new,0,200,123,Test
cyto_inv16_unknown,0,201,123,Test
cyto_cbf_FALSE.,0,202,123,Test
cyto_cbf_TRUE.,0,203,123,Test
cyto_cbf_new,0,204,123,Test
cyto_cbf_unknown,0,205,123,Test
cyto_t_15_17_FALSE.,0,206,123,Test
cyto_t_15_17_TRUE.,0,207,123,Test
cyto_t_15_17_new,0,208,123,Test
cyto_t_15_17_unknown,0,209,123,Test
cyto_inv3_FALSE.,0,210,123,Test
cyto_inv3_TRUE.,0,211,123,Test
cyto_inv3_new,0,212,123,Test
cyto_inv3_unknown,0,213,123,Test
cyto_t_6_9_FALSE.,0,214,123,Test
cyto_t_6_9_TRUE.,0,215,123,Test
cyto_t_6_9_new,0,216,123,Test
cyto_t_6_9_unknown,0,217,123,Test
cyto_5_7_abn_FALSE.,0,218,123,Test
cyto_5_7_abn_TRUE.,0,219,123,Test
cyto_5_7_abn_new,0,220,123,Test
cyto_5_7_abn_unknown,0,221,123,Test
cyto_plus8_FALSE.,0,222,123,Test
cyto_plus8_TRUE.,0,223,123,Test
cyto_plus8_new,0,224,123,Test
cyto_plus8_unknown,0,225,123,Test
cyto_normal_FALSE.,0,226,123,Test
cyto_normal_TRUE.,0,227,123,Test
cyto_normal_new,0,228,123,Test
cyto_normal_unknown,0,229,123,Test
eln_clean_Intermediate,0,230,123,Test
eln_clean_new,0,231,123,Test
eln_clean_unknown,0,232,123,Test
eln_clean_Favorable,4.9047470092773436e-6,1,456,Test
age_dx,1.4851888020833332e-6,2,456,Test
EGF,1.468976338704427e-6,3,456,Test
IL10,1.1243820190429688e-6,4,456,Test
npm1_TRUE.,6.119410196940104e-7,5,456,Test
HSC.like,5.596478780110677e-7,6,456,Test
CXCR2,4.820823669433594e-7,7,456,Test
IL15,4.6745936075846357e-7,8,456,Test
CXCL9,4.6332677205403646e-7,9,456,Test
IL33,3.8925806681315105e-7,10,456,Test
BSG,3.3537546793619793e-7,11,456,Test
wbc,3.143946329752604e-7,12,456,Test
HSC.Prog,2.3349126180013022e-7,13,456,Test
T cells CD4 memory activated,2.236366271972656e-7,14,456,Test
CST3,2.0662943522135417e-7,15,456,Test
CXCL12,1.5385945638020833e-7,16,456,Test
T cells CD4 memory resting,1.495679219563802e-7,17,456,Test
Plasma cells,1.395543416341146e-7,18,456,Test
B cells memory,1.2795130411783853e-7,19,456,Test
creatinine,1.255671183268229e-7,20,456,Test
SASP,1.247723897298177e-7,21,456,Test
ELANE,1.1491775512695312e-7,22,456,Test
CXCL2,1.049041748046875e-7,23,456,Test
IFNB1,1.0156631469726562e-7,24,456,Test
B cells naive,1.0045369466145833e-7,25,456,Test
NK cells resting,8.742014567057291e-8,26,456,Test
CXCL5,8.535385131835937e-8,27,456,Test
Myeloid,8.058547973632813e-8,28,456,Test
Progenitor.like,8.0108642578125e-8,29,456,Test
CCL5,7.963180541992188e-8,30,456,Test
blasts_pb,7.661183675130209e-8,31,456,Test
CXCR1,7.518132527669271e-8,32,456,Test
Stroma,7.406870524088541e-8,33,456,Test
npm1_FALSE.,7.406870524088541e-8,34,456,Test
IL1A,7.120768229166667e-8,35,456,Test
MMP2,6.898244222005208e-8,36,456,Test
MHC2,6.739298502604167e-8,37,456,Test
FGF2,6.628036499023437e-8,38,456,Test
GMP.like,6.087621053059895e-8,39,456,Test
IFNG,5.976359049479166e-8,40,456,Test
IL18,5.8650970458984374e-8,41,456,Test
Monocytes,5.833307902018229e-8,42,456,Test
Myeloid.like,5.1021575927734374e-8,43,456,Test
Exhausted.T.cells,4.784266153971354e-8,44,456,Test
blasts_bm,4.76837158203125e-8,45,456,Test
Apoptosis,3.846486409505208e-8,46,456,Test
HBEGF,3.3696492513020835e-8,47,456,Test
cDC.like,3.2742818196614584e-8,48,456,Test
SERPINE1,3.163019816080729e-8,49,456,Test
CCL3,3.0676523844401045e-8,50,456,Test
Mast cells resting,3.019968668619792e-8,51,456,Test
CXCL11,3.019968668619792e-8,52,456,Test
CSTB,2.988179524739583e-8,53,456,Test
GMP,2.8451283772786458e-8,54,456,Test
LTR.ERVK,2.7179718017578126e-8,55,456,Test
LINE.L1,2.6067097981770834e-8,56,456,Test
Cytolytic_score,2.5908152262369794e-8,57,456,Test
albumin,2.3523966471354167e-8,58,456,Test
MMP1,2.193450927734375e-8,59,456,Test
VEGFA,2.1457672119140624e-8,60,456,Test
TGFA,2.1298726399739584e-08,61,456,Test
LTR.ERV1,2.0186106363932292e-8,62,456,Test
IL4,1.923243204752604e-8,63,456,Test
RMSE,1.9073486328125e-8,64,456,Test
IL12A,1.7325083414713543e-8,65,456,Test
IL1B,1.6689300537109377e-8,66,456,Test
CCL2,1.6530354817708333e-8,67,456,Test
IL11,1.5576680501302085e-8,68,456,Test
IL1RN,1.5417734781901044e-8,69,456,Test
platelet,1.509984334309896e-8,70,456,Test
CXCL10,1.509984334309896e-8,71,456,Test
T cells CD8,1.4464060465494792e-8,72,456,Test
Eosinophils,1.430511474609375e-8,73,456,Test
Monocyte.like,1.3987223307291668e-8,74,456,Test
hematocrit,1.3192494710286458e-8,75,456,Test
TEK,1.3192494710286458e-8,76,456,Test
hemoglobin,1.2874603271484375e-8,77,456,Test
Neutrophils,1.2874603271484375e-8,78,456,Test
lymph_pct,1.2715657552083332e-8,79,456,Test
HGF,1.239776611328125e-8,80,456,Test
LTR.ERVL,1.2079874674479168e-8,81,456,Test
MMP9,1.1603037516276043e-8,82,456,Test
T cells follicular helper,1.1444091796875e-8,83,456,Test
Proliferation,1.128514607747396e-8,84,456,Test
IL13,1.0490417480468751e-8,85,456,Test
Promono.like,1.0013580322265626e-8,86,456,Test
sex_Female,9.854634602864583e-9,87,456,Test
CCL4,9.059906005859375e-9,88,456,Test
Cellular_senescence,8.900960286458332e-9,89,456,Test
LINE.L2,8.742014567057292e-9,90,456,Test
Macrophages M2,8.58306884765625e-9,91,456,Test
CFD,7.947285970052083e-9,92,456,Test
mono_pct,7.1525573730468756e-9,93,456,Test
Macrophages M1,7.152557373046875e-9,94,456,Test
SINE.Alu,6.993611653645833e-9,95,456,Test
Macrophages M0,6.67572021484375e-9,96,456,Test
CXCL1,6.1988830566406255e-9,97,456,Test
T.cell.senescence,5.880991617838542e-9,98,456,Test
TGFB1,5.880991617838542e-9,99,456,Test
ARG1,5.880991617838542e-9,100,456,Test
ldh,5.7220458984375e-9,101,456,Test
Cytotoxicity,5.7220458984375e-9,102,456,Test
IL6,5.086263020833333e-9,103,456,Test
eln_clean_Unknown,4.450480143229167e-9,104,456,Test
Mast cells activated,3.4968058268229166e-9,105,456,Test
SINE.MIR,3.178914388020833e-9,106,456,Test
eln_clean_Adverse,2.86102294921875e-9,107,456,Test
sex_Male,2.543131510416667e-9,108,456,Test
LTR.ERVL.MaLR,2.0662943522135416e-9,109,456,Test
LINE.CR1,1.5894571940104168e-9,110,456,Test
flt3_itd_ar,9.5367431640625e-10,111,456,Test
T cells CD4 naive,0,112,456,Test
T cells regulatory (Tregs),0,113,456,Test
T cells gamma delta,0,114,456,Test
NK cells activated,0,115,456,Test
Dendritic cells resting,0,116,456,Test
Dendritic cells activated,0,117,456,Test
CX3CL1,0,118,456,Test
IL2,0,119,456,Test
IL5,0,120,456,Test
FGF1,0,121,456,Test
MMP3,0,122,456,Test
CSF2,0,123,456,Test
IL25,0,124,456,Test
IFNA1,0,125,456,Test
sex_new,0,126,456,Test
sex_unknown,0,127,456,Test
prior_mds_FALSE.,0,128,456,Test
prior_mds_TRUE.,0,129,456,Test
prior_mds_new,0,130,456,Test
prior_mds_unknown,0,131,456,Test
prior_mpn_FALSE.,0,132,456,Test
prior_mpn_TRUE.,0,133,456,Test
prior_mpn_new,0,134,456,Test
prior_mpn_unknown,0,135,456,Test
secondary_aml_FALSE.,0,136,456,Test
secondary_aml_TRUE.,0,137,456,Test
secondary_aml_new,0,138,456,Test
secondary_aml_unknown,0,139,456,Test
flt3_itd_FALSE.,0,140,456,Test
flt3_itd_TRUE.,0,141,456,Test
flt3_itd_new,0,142,456,Test
flt3_itd_unknown,0,143,456,Test
npm1_new,0,144,456,Test
npm1_unknown,0,145,456,Test
runx1_FALSE.,0,146,456,Test
runx1_TRUE.,0,147,456,Test
runx1_new,0,148,456,Test
runx1_unknown,0,149,456,Test
asxl1_FALSE.,0,150,456,Test
asxl1_TRUE.,0,151,456,Test
asxl1_new,0,152,456,Test
asxl1_unknown,0,153,456,Test
tp53_FALSE.,0,154,456,Test
tp53_TRUE.,0,155,456,Test
tp53_new,0,156,456,Test
tp53_unknown,0,157,456,Test
DNMT3A_FALSE.,0,158,456,Test
DNMT3A_TRUE.,0,159,456,Test
DNMT3A_new,0,160,456,Test
DNMT3A_unknown,0,161,456,Test
IDH1_FALSE.,0,162,456,Test
IDH1_TRUE.,0,163,456,Test
IDH1_new,0,164,456,Test
IDH1_unknown,0,165,456,Test
IDH2_FALSE.,0,166,456,Test
IDH2_TRUE.,0,167,456,Test
IDH2_new,0,168,456,Test
IDH2_unknown,0,169,456,Test
KRAS_FALSE.,0,170,456,Test
KRAS_TRUE.,0,171,456,Test
KRAS_new,0,172,456,Test
KRAS_unknown,0,173,456,Test
NRAS_FALSE.,0,174,456,Test
NRAS_TRUE.,0,175,456,Test
NRAS_new,0,176,456,Test
NRAS_unknown,0,177,456,Test
PTPN11_FALSE.,0,178,456,Test
PTPN11_TRUE.,0,179,456,Test
PTPN11_new,0,180,456,Test
PTPN11_unknown,0,181,456,Test
spliceosome_FALSE.,0,182,456,Test
spliceosome_TRUE.,0,183,456,Test
spliceosome_new,0,184,456,Test
spliceosome_unknown,0,185,456,Test
cohesin_FALSE.,0,186,456,Test
cohesin_TRUE.,0,187,456,Test
cohesin_new,0,188,456,Test
cohesin_unknown,0,189,456,Test
ras_pathway_FALSE.,0,190,456,Test
ras_pathway_TRUE.,0,191,456,Test
ras_pathway_new,0,192,456,Test
ras_pathway_unknown,0,193,456,Test
cyto_t_8_21_FALSE.,0,194,456,Test
cyto_t_8_21_TRUE.,0,195,456,Test
cyto_t_8_21_new,0,196,456,Test
cyto_t_8_21_unknown,0,197,456,Test
cyto_inv16_FALSE.,0,198,456,Test
cyto_inv16_TRUE.,0,199,456,Test
cyto_inv16_new,0,200,456,Test
cyto_inv16_unknown,0,201,456,Test
cyto_cbf_FALSE.,0,202,456,Test
cyto_cbf_TRUE.,0,203,456,Test
cyto_cbf_new,0,204,456,Test
cyto_cbf_unknown,0,205,456,Test
cyto_t_15_17_FALSE.,0,206,456,Test
cyto_t_15_17_TRUE.,0,207,456,Test
cyto_t_15_17_new,0,208,456,Test
cyto_t_15_17_unknown,0,209,456,Test
cyto_inv3_FALSE.,0,210,456,Test
cyto_inv3_TRUE.,0,211,456,Test
cyto_inv3_new,0,212,456,Test
cyto_inv3_unknown,0,213,456,Test
cyto_t_6_9_FALSE.,0,214,456,Test
cyto_t_6_9_TRUE.,0,215,456,Test
cyto_t_6_9_new,0,216,456,Test
cyto_t_6_9_unknown,0,217,456,Test
cyto_5_7_abn_FALSE.,0,218,456,Test
cyto_5_7_abn_TRUE.,0,219,456,Test
cyto_5_7_abn_new,0,220,456,Test
cyto_5_7_abn_unknown,0,221,456,Test
cyto_plus8_FALSE.,0,222,456,Test
cyto_plus8_TRUE.,0,223,456,Test
cyto_plus8_new,0,224,456,Test
cyto_plus8_unknown,0,225,456,Test
cyto_normal_FALSE.,0,226,456,Test
cyto_normal_TRUE.,0,227,456,Test
cyto_normal_new,0,228,456,Test
cyto_normal_unknown,0,229,456,Test
eln_clean_Intermediate,0,230,456,Test
eln_clean_new,0,231,456,Test
eln_clean_unknown,0,232,456,Test
eln_clean_Favorable,4.0284792582194014e-6,1,789,Test
age_dx,1.6773541768391926e-6,2,789,Test
EGF,1.2903213500976562e-6,3,789,Test
IL10,1.0617574055989585e-6,4,789,Test
npm1_TRUE.,5.68389892578125e-7,5,789,Test
HSC.like,5.027453104654948e-7,6,789,Test
CXCR2,4.99566396077474e-7,7,789,Test
IL15,4.5220057169596356e-7,8,789,Test
CXCL9,4.418690999348958e-7,9,789,Test
IL33,3.5603841145833335e-7,10,789,Test
BSG,3.4697850545247397e-7,11,789,Test
wbc,3.223419189453125e-7,12,789,Test
CST3,2.5018056233723956e-7,13,789,Test
HSC.Prog,2.1584828694661458e-7,14,789,Test
T cells CD4 memory activated,2.051989237467448e-7,15,789,Test
Plasma cells,1.6562143961588541e-7,16,789,Test
T cells CD4 memory resting,1.3717015584309897e-7,17,789,Test
B cells memory,1.3367335001627604e-7,18,789,Test
CXCL12,1.2572606404622396e-7,19,789,Test
creatinine,1.1189778645833333e-7,20,789,Test
CXCL2,1.0665257771809896e-7,21,789,Test
SASP,1.0426839192708334e-7,22,789,Test
ELANE,1.0267893473307291e-7,23,789,Test
NK cells resting,1.0156631469726562e-7,24,789,Test
IFNB1,9.187062581380209e-8,25,789,Test
B cells naive,8.996327718098959e-8,26,789,Test
CCL5,8.551279703776042e-8,27,789,Test
Progenitor.like,8.424123128255208e-8,28,789,Test
CXCL5,8.408228556315105e-8,29,789,Test
npm1_FALSE.,7.89960225423177e-8,30,789,Test
FGF2,7.645289103190104e-8,31,789,Test
GMP.like,7.62939453125e-8,32,789,Test
CXCR1,7.581710815429688e-8,33,789,Test
Myeloid,7.327397664388021e-8,34,789,Test
MMP2,7.136662801106771e-8,35,789,Test
IL18,6.97771708170573e-8,36,789,Test
MHC2,6.945927937825521e-8,37,789,Test
blasts_pb,6.707509358723958e-8,38,789,Test
Myeloid.like,6.707509358723958e-8,39,789,Test
Exhausted.T.cells,6.278355916341147e-8,40,789,Test
IL1A,6.214777628580729e-8,41,789,Test
IFNG,6.039937337239584e-8,42,789,Test
Stroma,5.6266784667968754e-8,43,789,Test
Monocytes,5.5948893229166666e-8,44,789,Test
blasts_bm,5.2928924560546876e-8,45,789,Test
GMP,3.910064697265625e-8,46,789,Test
CXCL11,3.782908121744792e-8,47,789,Test
Apoptosis,3.703435262044271e-8,48,789,Test
SERPINE1,3.608067830403646e-8,49,789,Test
cDC.like,3.512700398763021e-8,50,789,Test
HBEGF,3.226598103841146e-8,51,789,Test
Cytolytic_score,3.0517578125e-8,52,789,Test
Mast cells resting,3.0358632405598957e-8,53,789,Test
LTR.ERVK,2.988179524739583e-8,54,789,Test
CCL3,2.8451283772786458e-8,55,789,Test
LINE.L1,2.765655517578125e-8,56,789,Test
albumin,2.7020772298177085e-8,57,789,Test
CSTB,2.6067097981770834e-8,58,789,Test
LTR.ERV1,2.47955322265625e-8,59,789,Test
VEGFA,2.2411346435546875e-8,60,789,Test
TGFA,2.209345499674479e-8,61,789,Test
MMP1,2.09808349609375e-8,62,789,Test
IL1B,1.986821492513021e-8,63,789,Test
Eosinophils,1.9391377766927085e-8,64,789,Test
RMSE,1.827875773111979e-8,65,789,Test
IL4,1.811981201171875e-8,66,789,Test
lymph_pct,1.796086629231771e-8,67,789,Test
IL12A,1.6848246256510417e-8,68,789,Test
LTR.ERVL,1.5576680501302085e-8,69,789,Test
CXCL10,1.5576680501302082e-8,70,789,Test
CCL2,1.5099843343098956e-8,71,789,Test
IL11,1.4940897623697916e-8,72,789,Test
IL1RN,1.4464060465494792e-8,73,789,Test
T cells CD8,1.430511474609375e-8,74,789,Test
TEK,1.3828277587890626e-8,75,789,Test
platelet,1.3510386149088543e-8,76,789,Test
hemoglobin,1.3510386149088541e-8,77,789,Test
Monocyte.like,1.2874603271484375e-8,78,789,Test
T cells follicular helper,1.239776611328125e-8,79,789,Test
sex_Female,1.2079874674479166e-8,80,789,Test
Neutrophils,1.1920928955078126e-8,81,789,Test
Proliferation,1.1444091796875e-8,82,789,Test
MMP9,1.0808308919270834e-8,83,789,Test
Promono.like,1.0172526041666666e-8,84,789,Test
mono_pct,1.0013580322265626e-8,85,789,Test
Macrophages M2,9.695688883463543e-9,86,789,Test
hematocrit,9.695688883463541e-9,87,789,Test
IL13,9.5367431640625e-9,88,789,Test
LINE.L2,9.377797444661458e-9,89,789,Test
T.cell.senescence,8.265177408854166e-9,90,789,Test
CCL4,8.265177408854166e-9,91,789,Test
Macrophages M1,8.106231689453126e-9,92,789,Test
Cellular_senescence,7.947285970052083e-9,93,789,Test
HGF,7.947285970052083e-9,94,789,Test
IL6,6.834665934244792e-9,95,789,Test
Macrophages M0,6.357828776041667e-9,96,789,Test
SINE.Alu,6.357828776041666e-9,97,789,Test
eln_clean_Unknown,6.198883056640625e-9,98,789,Test
Cytotoxicity,5.7220458984375e-9,99,789,Test
CFD,5.2452087402343755e-9,100,789,Test
CXCL1,5.086263020833333e-9,101,789,Test
ldh,4.76837158203125e-9,102,789,Test
TGFB1,4.76837158203125e-9,103,789,Test
ARG1,4.132588704427083e-9,104,789,Test
SINE.MIR,3.4968058268229166e-9,105,789,Test
eln_clean_Adverse,3.4968058268229166e-9,106,789,Test
LTR.ERVL.MaLR,3.019968668619792e-9,107,789,Test
Mast cells activated,2.86102294921875e-9,108,789,Test
LINE.CR1,2.384185791015625e-9,109,789,Test
sex_Male,2.0662943522135416e-9,110,789,Test
flt3_itd_ar,9.5367431640625e-10,111,789,Test
T cells CD4 naive,0,112,789,Test
T cells regulatory (Tregs),0,113,789,Test
T cells gamma delta,0,114,789,Test
NK cells activated,0,115,789,Test
Dendritic cells resting,0,116,789,Test
Dendritic cells activated,0,117,789,Test
CX3CL1,0,118,789,Test
IL2,0,119,789,Test
IL5,0,120,789,Test
FGF1,0,121,789,Test
MMP3,0,122,789,Test
CSF2,0,123,789,Test
IL25,0,124,789,Test
IFNA1,0,125,789,Test
sex_new,0,126,789,Test
sex_unknown,0,127,789,Test
prior_mds_FALSE.,0,128,789,Test
prior_mds_TRUE.,0,129,789,Test
prior_mds_new,0,130,789,Test
prior_mds_unknown,0,131,789,Test
prior_mpn_FALSE.,0,132,789,Test
prior_mpn_TRUE.,0,133,789,Test
prior_mpn_new,0,134,789,Test
prior_mpn_unknown,0,135,789,Test
secondary_aml_FALSE.,0,136,789,Test
secondary_aml_TRUE.,0,137,789,Test
secondary_aml_new,0,138,789,Test
secondary_aml_unknown,0,139,789,Test
flt3_itd_FALSE.,0,140,789,Test
flt3_itd_TRUE.,0,141,789,Test
flt3_itd_new,0,142,789,Test
flt3_itd_unknown,0,143,789,Test
npm1_new,0,144,789,Test
npm1_unknown,0,145,789,Test
runx1_FALSE.,0,146,789,Test
runx1_TRUE.,0,147,789,Test
runx1_new,0,148,789,Test
runx1_unknown,0,149,789,Test
asxl1_FALSE.,0,150,789,Test
asxl1_TRUE.,0,151,789,Test
asxl1_new,0,152,789,Test
asxl1_unknown,0,153,789,Test
tp53_FALSE.,0,154,789,Test
tp53_TRUE.,0,155,789,Test
tp53_new,0,156,789,Test
tp53_unknown,0,157,789,Test
DNMT3A_FALSE.,0,158,789,Test
DNMT3A_TRUE.,0,159,789,Test
DNMT3A_new,0,160,789,Test
DNMT3A_unknown,0,161,789,Test
IDH1_FALSE.,0,162,789,Test
IDH1_TRUE.,0,163,789,Test
IDH1_new,0,164,789,Test
IDH1_unknown,0,165,789,Test
IDH2_FALSE.,0,166,789,Test
IDH2_TRUE.,0,167,789,Test
IDH2_new,0,168,789,Test
IDH2_unknown,0,169,789,Test
KRAS_FALSE.,0,170,789,Test
KRAS_TRUE.,0,171,789,Test
KRAS_new,0,172,789,Test
KRAS_unknown,0,173,789,Test
NRAS_FALSE.,0,174,789,Test
NRAS_TRUE.,0,175,789,Test
NRAS_new,0,176,789,Test
NRAS_unknown,0,177,789,Test
PTPN11_FALSE.,0,178,789,Test
PTPN11_TRUE.,0,179,789,Test
PTPN11_new,0,180,789,Test
PTPN11_unknown,0,181,789,Test
spliceosome_FALSE.,0,182,789,Test
spliceosome_TRUE.,0,183,789,Test
spliceosome_new,0,184,789,Test
spliceosome_unknown,0,185,789,Test
cohesin_FALSE.,0,186,789,Test
cohesin_TRUE.,0,187,789,Test
cohesin_new,0,188,789,Test
cohesin_unknown,0,189,789,Test
ras_pathway_FALSE.,0,190,789,Test
ras_pathway_TRUE.,0,191,789,Test
ras_pathway_new,0,192,789,Test
ras_pathway_unknown,0,193,789,Test
cyto_t_8_21_FALSE.,0,194,789,Test
cyto_t_8_21_TRUE.,0,195,789,Test
cyto_t_8_21_new,0,196,789,Test
cyto_t_8_21_unknown,0,197,789,Test
cyto_inv16_FALSE.,0,198,789,Test
cyto_inv16_TRUE.,0,199,789,Test
cyto_inv16_new,0,200,789,Test
cyto_inv16_unknown,0,201,789,Test
cyto_cbf_FALSE.,0,202,789,Test
cyto_cbf_TRUE.,0,203,789,Test
cyto_cbf_new,0,204,789,Test
cyto_cbf_unknown,0,205,789,Test
cyto_t_15_17_FALSE.,0,206,789,Test
cyto_t_15_17_TRUE.,0,207,789,Test
cyto_t_15_17_new,0,208,789,Test
cyto_t_15_17_unknown,0,209,789,Test
cyto_inv3_FALSE.,0,210,789,Test
cyto_inv3_TRUE.,0,211,789,Test
cyto_inv3_new,0,212,789,Test
cyto_inv3_unknown,0,213,789,Test
cyto_t_6_9_FALSE.,0,214,789,Test
cyto_t_6_9_TRUE.,0,215,789,Test
cyto_t_6_9_new,0,216,789,Test
cyto_t_6_9_unknown,0,217,789,Test
cyto_5_7_abn_FALSE.,0,218,789,Test
cyto_5_7_abn_TRUE.,0,219,789,Test
cyto_5_7_abn_new,0,220,789,Test
cyto_5_7_abn_unknown,0,221,789,Test
cyto_plus8_FALSE.,0,222,789,Test
cyto_plus8_TRUE.,0,223,789,Test
cyto_plus8_new,0,224,789,Test
cyto_plus8_unknown,0,225,789,Test
cyto_normal_FALSE.,0,226,789,Test
cyto_normal_TRUE.,0,227,789,Test
cyto_normal_new,0,228,789,Test
cyto_normal_unknown,0,229,789,Test
eln_clean_Intermediate,0,230,789,Test
eln_clean_new,0,231,789,Test
eln_clean_unknown,0,232,789,Test
eln_clean_Favorable,4.245122273763021e-6,1,1011,Test
EGF,1.3782183329264323e-6,2,1011,Test
age_dx,1.3384819030761718e-6,3,1011,Test
IL10,1.0140736897786457e-6,4,1011,Test
npm1_TRUE.,5.757013956705729e-7,5,1011,Test
HSC.like,5.378723144531251e-7,6,1011,Test
CXCR2,5.343755086263021e-7,7,1011,Test
IL15,4.2359034220377603e-7,8,1011,Test
CXCL9,4.229545593261719e-7,9,1011,Test
BSG,3.457069396972656e-7,10,1011,Test
IL33,3.398259480794271e-7,11,1011,Test
wbc,2.918243408203125e-7,12,1011,Test
HSC.Prog,2.536773681640625e-7,13,1011,Test
CST3,2.1346410115559895e-7,14,1011,Test
T cells CD4 memory activated,1.9470850626627604e-7,15,1011,Test
Plasma cells,1.4321009318033855e-7,16,1011,Test
T cells CD4 memory resting,1.392364501953125e-7,17,1011,Test
CXCL2,1.3065338134765623e-7,18,1011,Test
CXCL12,1.2985865275065103e-7,19,1011,Test
B cells memory,1.2604395548502606e-7,20,1011,Test
creatinine,1.1746088663736979e-7,21,1011,Test
ELANE,1.1094411214192708e-7,22,1011,Test
SASP,1.0697046915690104e-7,23,1011,Test
blasts_bm,1.0474522908528646e-7,24,1011,Test
Progenitor.like,9.330113728841147e-8,25,1011,Test
B cells naive,9.187062581380209e-8,26,1011,Test
CCL5,8.7738037109375e-8,27,1011,Test
FGF2,8.726119995117187e-8,28,1011,Test
IFNB1,8.614857991536458e-8,29,1011,Test
NK cells resting,8.535385131835937e-8,30,1011,Test
MMP2,8.328755696614583e-8,31,1011,Test
CXCL5,7.883707682291667e-8,32,1011,Test
GMP.like,7.820129394531249e-8,33,1011,Test
npm1_FALSE.,7.692972819010416e-8,34,1011,Test
Stroma,7.613499959309896e-8,35,1011,Test
blasts_pb,7.422765096028646e-8,36,1011,Test
CXCR1,7.088979085286458e-8,37,1011,Test
Myeloid,7.009506225585937e-8,38,1011,Test
IL1A,6.993611653645833e-8,39,1011,Test
IL18,6.628036499023437e-8,40,1011,Test
Myeloid.like,6.580352783203126e-8,41,1011,Test
MHC2,6.246566772460938e-8,42,1011,Test
IFNG,6.103515625e-8,43,1011,Test
Monocytes,5.642573038736979e-8,44,1011,Test
Exhausted.T.cells,5.578994750976563e-8,45,1011,Test
GMP,3.496805826822917e-8,46,1011,Test
HBEGF,3.496805826822917e-8,47,1011,Test
CXCL11,3.4332275390625e-8,48,1011,Test
cDC.like,3.3696492513020835e-8,49,1011,Test
Apoptosis,3.178914388020833e-8,50,1011,Test
CSTB,3.0358632405598957e-8,51,1011,Test
SERPINE1,3.0040740966796875e-8,52,1011,Test
LINE.L1,2.7338663736979167e-8,53,1011,Test
LTR.ERVK,2.7338663736979167e-8,54,1011,Test
LTR.ERV1,2.7179718017578126e-8,55,1011,Test
Mast cells resting,2.686182657877604e-8,56,1011,Test
Cytolytic_score,2.6384989420572916e-8,57,1011,Test
CCL3,2.559026082356771e-8,58,1011,Test
albumin,2.5431315104166668e-8,59,1011,Test
IL1B,2.5272369384765628e-8,60,1011,Test
MMP1,2.1298726399739584e-08,61,1011,Test
VEGFA,1.986821492513021e-8,62,1011,Test
T cells CD8,1.923243204752604e-8,63,1011,Test
IL4,1.891454060872396e-8,64,1011,Test
RMSE,1.827875773111979e-8,65,1011,Test
IL1RN,1.7801920572916665e-8,66,1011,Test
TGFA,1.6848246256510417e-8,67,1011,Test
lymph_pct,1.5894571940104166e-8,68,1011,Test
CXCL10,1.5735626220703126e-8,69,1011,Test
LTR.ERVL,1.541773478190104e-8,70,1011,Test
Monocyte.like,1.509984334309896e-8,71,1011,Test
IL12A,1.4940897623697916e-8,72,1011,Test
Eosinophils,1.4781951904296877e-8,73,1011,Test
IL11,1.4623006184895834e-8,74,1011,Test
CCL2,1.4464060465494792e-8,75,1011,Test
platelet,1.2397766113281251e-8,76,1011,Test
hemoglobin,1.239776611328125e-8,77,1011,Test
Proliferation,1.1603037516276043e-8,78,1011,Test
Neutrophils,1.1603037516276043e-8,79,1011,Test
MMP9,1.1603037516276041e-8,80,1011,Test
HGF,1.1444091796875e-8,81,1011,Test
TEK,1.1444091796875e-8,82,1011,Test
sex_Female,1.0967254638671875e-8,83,1011,Test
hematocrit,1.0649363199869792e-8,84,1011,Test
IL13,1.0331471761067709e-8,85,1011,Test
T cells follicular helper,1.0331471761067707e-8,86,1011,Test
Cellular_senescence,1.0013580322265626e-8,87,1011,Test
LINE.L2,9.854634602864583e-9,88,1011,Test
Macrophages M2,9.37779744466146e-9,89,1011,Test
IL6,9.377797444661458e-9,90,1011,Test
ldh,8.106231689453126e-9,91,1011,Test
mono_pct,7.470448811848958e-9,92,1011,Test
Macrophages M1,7.311503092447917e-9,93,1011,Test
T.cell.senescence,6.993611653645833e-9,94,1011,Test
CCL4,6.993611653645833e-9,95,1011,Test
Promono.like,6.357828776041667e-9,96,1011,Test
CXCL1,6.357828776041667e-9,97,1011,Test
SINE.Alu,6.357828776041666e-9,98,1011,Test
Macrophages M0,6.039937337239583e-9,99,1011,Test
Cytotoxicity,4.927317301432292e-9,100,1011,Test
ARG1,4.2915344238281255e-9,101,1011,Test
eln_clean_Unknown,4.132588704427083e-9,102,1011,Test
Mast cells activated,3.814697265625e-9,103,1011,Test
TGFB1,3.814697265625e-9,104,1011,Test
CFD,3.814697265625e-9,105,1011,Test
eln_clean_Adverse,3.1789143880208335e-9,106,1011,Test
LTR.ERVL.MaLR,3.178914388020833e-9,107,1011,Test
LINE.CR1,2.86102294921875e-9,108,1011,Test
SINE.MIR,2.7020772298177085e-9,109,1011,Test
flt3_itd_ar,1.9073486328125e-9,110,1011,Test
sex_Male,1.9073486328125e-9,111,1011,Test
T cells CD4 naive,0,112,1011,Test
T cells regulatory (Tregs),0,113,1011,Test
T cells gamma delta,0,114,1011,Test
NK cells activated,0,115,1011,Test
Dendritic cells resting,0,116,1011,Test
Dendritic cells activated,0,117,1011,Test
CX3CL1,0,118,1011,Test
IL2,0,119,1011,Test
IL5,0,120,1011,Test
FGF1,0,121,1011,Test
MMP3,0,122,1011,Test
CSF2,0,123,1011,Test
IL25,0,124,1011,Test
IFNA1,0,125,1011,Test
sex_new,0,126,1011,Test
sex_unknown,0,127,1011,Test
prior_mds_FALSE.,0,128,1011,Test
prior_mds_TRUE.,0,129,1011,Test
prior_mds_new,0,130,1011,Test
prior_mds_unknown,0,131,1011,Test
prior_mpn_FALSE.,0,132,1011,Test
prior_mpn_TRUE.,0,133,1011,Test
prior_mpn_new,0,134,1011,Test
prior_mpn_unknown,0,135,1011,Test
secondary_aml_FALSE.,0,136,1011,Test
secondary_aml_TRUE.,0,137,1011,Test
secondary_aml_new,0,138,1011,Test
secondary_aml_unknown,0,139,1011,Test
flt3_itd_FALSE.,0,140,1011,Test
flt3_itd_TRUE.,0,141,1011,Test
flt3_itd_new,0,142,1011,Test
flt3_itd_unknown,0,143,1011,Test
npm1_new,0,144,1011,Test
npm1_unknown,0,145,1011,Test
runx1_FALSE.,0,146,1011,Test
runx1_TRUE.,0,147,1011,Test
runx1_new,0,148,1011,Test
runx1_unknown,0,149,1011,Test
asxl1_FALSE.,0,150,1011,Test
asxl1_TRUE.,0,151,1011,Test
asxl1_new,0,152,1011,Test
asxl1_unknown,0,153,1011,Test
tp53_FALSE.,0,154,1011,Test
tp53_TRUE.,0,155,1011,Test
tp53_new,0,156,1011,Test
tp53_unknown,0,157,1011,Test
DNMT3A_FALSE.,0,158,1011,Test
DNMT3A_TRUE.,0,159,1011,Test
DNMT3A_new,0,160,1011,Test
DNMT3A_unknown,0,161,1011,Test
IDH1_FALSE.,0,162,1011,Test
IDH1_TRUE.,0,163,1011,Test
IDH1_new,0,164,1011,Test
IDH1_unknown,0,165,1011,Test
IDH2_FALSE.,0,166,1011,Test
IDH2_TRUE.,0,167,1011,Test
IDH2_new,0,168,1011,Test
IDH2_unknown,0,169,1011,Test
KRAS_FALSE.,0,170,1011,Test
KRAS_TRUE.,0,171,1011,Test
KRAS_new,0,172,1011,Test
KRAS_unknown,0,173,1011,Test
NRAS_FALSE.,0,174,1011,Test
NRAS_TRUE.,0,175,1011,Test
NRAS_new,0,176,1011,Test
NRAS_unknown,0,177,1011,Test
PTPN11_FALSE.,0,178,1011,Test
PTPN11_TRUE.,0,179,1011,Test
PTPN11_new,0,180,1011,Test
PTPN11_unknown,0,181,1011,Test
spliceosome_FALSE.,0,182,1011,Test
spliceosome_TRUE.,0,183,1011,Test
spliceosome_new,0,184,1011,Test
spliceosome_unknown,0,185,1011,Test
cohesin_FALSE.,0,186,1011,Test
cohesin_TRUE.,0,187,1011,Test
cohesin_new,0,188,1011,Test
cohesin_unknown,0,189,1011,Test
ras_pathway_FALSE.,0,190,1011,Test
ras_pathway_TRUE.,0,191,1011,Test
ras_pathway_new,0,192,1011,Test
ras_pathway_unknown,0,193,1011,Test
cyto_t_8_21_FALSE.,0,194,1011,Test
cyto_t_8_21_TRUE.,0,195,1011,Test
cyto_t_8_21_new,0,196,1011,Test
cyto_t_8_21_unknown,0,197,1011,Test
cyto_inv16_FALSE.,0,198,1011,Test
cyto_inv16_TRUE.,0,199,1011,Test
cyto_inv16_new,0,200,1011,Test
cyto_inv16_unknown,0,201,1011,Test
cyto_cbf_FALSE.,0,202,1011,Test
cyto_cbf_TRUE.,0,203,1011,Test
cyto_cbf_new,0,204,1011,Test
cyto_cbf_unknown,0,205,1011,Test
cyto_t_15_17_FALSE.,0,206,1011,Test
cyto_t_15_17_TRUE.,0,207,1011,Test
cyto_t_15_17_new,0,208,1011,Test
cyto_t_15_17_unknown,0,209,1011,Test
cyto_inv3_FALSE.,0,210,1011,Test
cyto_inv3_TRUE.,0,211,1011,Test
cyto_inv3_new,0,212,1011,Test
cyto_inv3_unknown,0,213,1011,Test
cyto_t_6_9_FALSE.,0,214,1011,Test
cyto_t_6_9_TRUE.,0,215,1011,Test
cyto_t_6_9_new,0,216,1011,Test
cyto_t_6_9_unknown,0,217,1011,Test
cyto_5_7_abn_FALSE.,0,218,1011,Test
cyto_5_7_abn_TRUE.,0,219,1011,Test
cyto_5_7_abn_new,0,220,1011,Test
cyto_5_7_abn_unknown,0,221,1011,Test
cyto_plus8_FALSE.,0,222,1011,Test
cyto_plus8_TRUE.,0,223,1011,Test
cyto_plus8_new,0,224,1011,Test
cyto_plus8_unknown,0,225,1011,Test
cyto_normal_FALSE.,0,226,1011,Test
cyto_normal_TRUE.,0,227,1011,Test
cyto_normal_new,0,228,1011,Test
cyto_normal_unknown,0,229,1011,Test
eln_clean_Intermediate,0,230,1011,Test
eln_clean_new,0,231,1011,Test
eln_clean_unknown,0,232,1011,Test
eln_clean_Favorable,4.279931386311849e-6,1,2025,Test
age_dx,1.5397071838378907e-6,2,2025,Test
EGF,1.3604164123535157e-6,3,2025,Test
IL10,9.166399637858072e-7,4,2025,Test
npm1_TRUE.,5.880991617838542e-7,5,2025,Test
HSC.like,5.617141723632812e-7,6,2025,Test
IL15,5.311965942382812e-7,7,2025,Test
CXCR2,4.439353942871094e-7,8,2025,Test
CXCL9,4.1739145914713545e-7,9,2025,Test
IL33,3.4459431966145834e-7,10,2025,Test
BSG,3.1566619873046877e-7,11,2025,Test
wbc,2.994537353515625e-7,12,2025,Test
CST3,2.1950403849283856e-7,13,2025,Test
T cells CD4 memory activated,2.0567576090494792e-7,14,2025,Test
HSC.Prog,1.9788742065429687e-7,15,2025,Test
CXCL12,1.4336903889973957e-7,16,2025,Test
SASP,1.4193852742513022e-7,17,2025,Test
T cells CD4 memory resting,1.357396443684896e-7,18,2025,Test
creatinine,1.3224283854166666e-7,19,2025,Test
Plasma cells,1.2795130411783853e-7,20,2025,Test
CXCL2,1.1857350667317709e-7,21,2025,Test
B cells memory,1.1221567789713542e-7,22,2025,Test
ELANE,1.1189778645833333e-7,23,2025,Test
NK cells resting,9.504954020182292e-8,24,2025,Test
IFNB1,8.678436279296875e-8,25,2025,Test
Progenitor.like,8.424123128255208e-8,26,2025,Test
npm1_FALSE.,7.851918538411458e-8,27,2025,Test
CXCL5,7.836023966471354e-8,28,2025,Test
Myeloid,7.740656534830729e-8,29,2025,Test
CXCR1,7.692972819010416e-8,30,2025,Test
CCL5,7.677078247070313e-8,31,2025,Test
B cells naive,7.390975952148437e-8,32,2025,Test
blasts_pb,7.073084513346355e-8,33,2025,Test
GMP.like,6.802876790364583e-8,34,2025,Test
MMP2,6.739298502604167e-8,35,2025,Test
Stroma,6.691614786783854e-8,36,2025,Test
IL1A,6.469090779622395e-8,37,2025,Test
FGF2,6.437301635742188e-8,38,2025,Test
MHC2,6.341934204101563e-8,39,2025,Test
Myeloid.like,5.880991617838542e-8,40,2025,Test
IL18,5.737940470377604e-8,41,2025,Test
Monocytes,5.435943603515625e-8,42,2025,Test
IFNG,5.3882598876953127e-8,43,2025,Test
blasts_bm,5.292892456054688e-8,44,2025,Test
Exhausted.T.cells,4.975001017252604e-8,45,2025,Test
Apoptosis,4.371007283528646e-8,46,2025,Test
CXCL11,3.7352244059244794e-8,47,2025,Test
cDC.like,3.655751546223959e-8,48,2025,Test
GMP,3.337860107421875e-8,49,2025,Test
SERPINE1,3.226598103841146e-8,50,2025,Test
HBEGF,3.0676523844401045e-8,51,2025,Test
LTR.ERVK,3.0358632405598957e-8,52,2025,Test
Mast cells resting,3.0040740966796875e-8,53,2025,Test
Cytolytic_score,2.8292338053385418e-8,54,2025,Test
CSTB,2.7020772298177085e-8,55,2025,Test
CCL3,2.5908152262369794e-8,56,2025,Test
VEGFA,2.4477640787760417e-8,57,2025,Test
TGFA,2.3365020751953126e-8,58,2025,Test
IL1B,2.209345499674479e-8,59,2025,Test
albumin,2.193450927734375e-8,60,2025,Test
LTR.ERV1,2.1616617838541668e-8,61,2025,Test
IL11,2.1457672119140624e-8,62,2025,Test
LINE.L1,2.09808349609375e-8,63,2025,Test
MMP1,1.9868214925130207e-8,64,2025,Test
T cells CD8,1.875559488932292e-8,65,2025,Test
lymph_pct,1.811981201171875e-8,66,2025,Test
RMSE,1.7166137695312502e-8,67,2025,Test
IL4,1.6689300537109377e-8,68,2025,Test
Eosinophils,1.5735626220703126e-8,69,2025,Test
CXCL10,1.509984334309896e-8,70,2025,Test
Monocyte.like,1.430511474609375e-8,71,2025,Test
LTR.ERVL,1.3987223307291668e-8,72,2025,Test
IL12A,1.3669331868489583e-8,73,2025,Test
HGF,1.33514404296875e-8,74,2025,Test
CCL2,1.1920928955078126e-8,75,2025,Test
TEK,1.1920928955078126e-8,76,2025,Test
platelet,1.1603037516276043e-8,77,2025,Test
IL1RN,1.1444091796875e-8,78,2025,Test
Neutrophils,1.0808308919270834e-8,79,2025,Test
hemoglobin,1.0649363199869792e-8,80,2025,Test
T cells follicular helper,1.0490417480468751e-8,81,2025,Test
Promono.like,9.854634602864583e-9,82,2025,Test
sex_Female,9.854634602864583e-9,83,2025,Test
hematocrit,9.5367431640625e-9,84,2025,Test
Proliferation,9.059906005859375e-9,85,2025,Test
mono_pct,8.742014567057292e-9,86,2025,Test
Macrophages M2,8.742014567057292e-9,87,2025,Test
Cellular_senescence,8.424123128255209e-9,88,2025,Test
Macrophages M0,8.424123128255209e-9,89,2025,Test
ldh,8.106231689453126e-9,90,2025,Test
MMP9,8.106231689453126e-9,91,2025,Test
CCL4,8.106231689453126e-9,92,2025,Test
LINE.L2,7.788340250651043e-9,93,2025,Test
Macrophages M1,7.62939453125e-9,94,2025,Test
IL13,6.993611653645833e-9,95,2025,Test
T.cell.senescence,6.8346659342447925e-9,96,2025,Test
CXCL1,6.834665934244792e-9,97,2025,Test
IL6,6.67572021484375e-9,98,2025,Test
Cytotoxicity,6.516774495442709e-9,99,2025,Test
CFD,6.039937337239583e-9,100,2025,Test
SINE.Alu,5.086263020833333e-9,101,2025,Test
eln_clean_Unknown,5.086263020833333e-9,102,2025,Test
ARG1,4.6094258626302086e-9,103,2025,Test
TGFB1,3.973642985026042e-9,104,2025,Test
SINE.MIR,3.973642985026042e-9,105,2025,Test
Mast cells activated,3.178914388020833e-9,106,2025,Test
LTR.ERVL.MaLR,3.178914388020833e-9,107,2025,Test
eln_clean_Adverse,2.702077229817708e-9,108,2025,Test
LINE.CR1,1.9073486328125e-9,109,2025,Test
sex_Male,1.430511474609375e-9,110,2025,Test
flt3_itd_ar,9.536743164062498e-10,111,2025,Test
T cells CD4 naive,0,112,2025,Test
T cells regulatory (Tregs),0,113,2025,Test
T cells gamma delta,0,114,2025,Test
NK cells activated,0,115,2025,Test
Dendritic cells resting,0,116,2025,Test
Dendritic cells activated,0,117,2025,Test
CX3CL1,0,118,2025,Test
IL2,0,119,2025,Test
IL5,0,120,2025,Test
FGF1,0,121,2025,Test
MMP3,0,122,2025,Test
CSF2,0,123,2025,Test
IL25,0,124,2025,Test
IFNA1,0,125,2025,Test
sex_new,0,126,2025,Test
sex_unknown,0,127,2025,Test
prior_mds_FALSE.,0,128,2025,Test
prior_mds_TRUE.,0,129,2025,Test
prior_mds_new,0,130,2025,Test
prior_mds_unknown,0,131,2025,Test
prior_mpn_FALSE.,0,132,2025,Test
prior_mpn_TRUE.,0,133,2025,Test
prior_mpn_new,0,134,2025,Test
prior_mpn_unknown,0,135,2025,Test
secondary_aml_FALSE.,0,136,2025,Test
secondary_aml_TRUE.,0,137,2025,Test
secondary_aml_new,0,138,2025,Test
secondary_aml_unknown,0,139,2025,Test
flt3_itd_FALSE.,0,140,2025,Test
flt3_itd_TRUE.,0,141,2025,Test
flt3_itd_new,0,142,2025,Test
flt3_itd_unknown,0,143,2025,Test
npm1_new,0,144,2025,Test
npm1_unknown,0,145,2025,Test
runx1_FALSE.,0,146,2025,Test
runx1_TRUE.,0,147,2025,Test
runx1_new,0,148,2025,Test
runx1_unknown,0,149,2025,Test
asxl1_FALSE.,0,150,2025,Test
asxl1_TRUE.,0,151,2025,Test
asxl1_new,0,152,2025,Test
asxl1_unknown,0,153,2025,Test
tp53_FALSE.,0,154,2025,Test
tp53_TRUE.,0,155,2025,Test
tp53_new,0,156,2025,Test
tp53_unknown,0,157,2025,Test
DNMT3A_FALSE.,0,158,2025,Test
DNMT3A_TRUE.,0,159,2025,Test
DNMT3A_new,0,160,2025,Test
DNMT3A_unknown,0,161,2025,Test
IDH1_FALSE.,0,162,2025,Test
IDH1_TRUE.,0,163,2025,Test
IDH1_new,0,164,2025,Test
IDH1_unknown,0,165,2025,Test
IDH2_FALSE.,0,166,2025,Test
IDH2_TRUE.,0,167,2025,Test
IDH2_new,0,168,2025,Test
IDH2_unknown,0,169,2025,Test
KRAS_FALSE.,0,170,2025,Test
KRAS_TRUE.,0,171,2025,Test
KRAS_new,0,172,2025,Test
KRAS_unknown,0,173,2025,Test
NRAS_FALSE.,0,174,2025,Test
NRAS_TRUE.,0,175,2025,Test
NRAS_new,0,176,2025,Test
NRAS_unknown,0,177,2025,Test
PTPN11_FALSE.,0,178,2025,Test
PTPN11_TRUE.,0,179,2025,Test
PTPN11_new,0,180,2025,Test
PTPN11_unknown,0,181,2025,Test
spliceosome_FALSE.,0,182,2025,Test
spliceosome_TRUE.,0,183,2025,Test
spliceosome_new,0,184,2025,Test
spliceosome_unknown,0,185,2025,Test
cohesin_FALSE.,0,186,2025,Test
cohesin_TRUE.,0,187,2025,Test
cohesin_new,0,188,2025,Test
cohesin_unknown,0,189,2025,Test
ras_pathway_FALSE.,0,190,2025,Test
ras_pathway_TRUE.,0,191,2025,Test
ras_pathway_new,0,192,2025,Test
ras_pathway_unknown,0,193,2025,Test
cyto_t_8_21_FALSE.,0,194,2025,Test
cyto_t_8_21_TRUE.,0,195,2025,Test
cyto_t_8_21_new,0,196,2025,Test
cyto_t_8_21_unknown,0,197,2025,Test
cyto_inv16_FALSE.,0,198,2025,Test
cyto_inv16_TRUE.,0,199,2025,Test
cyto_inv16_new,0,200,2025,Test
cyto_inv16_unknown,0,201,2025,Test
cyto_cbf_FALSE.,0,202,2025,Test
cyto_cbf_TRUE.,0,203,2025,Test
cyto_cbf_new,0,204,2025,Test
cyto_cbf_unknown,0,205,2025,Test
cyto_t_15_17_FALSE.,0,206,2025,Test
cyto_t_15_17_TRUE.,0,207,2025,Test
cyto_t_15_17_new,0,208,2025,Test
cyto_t_15_17_unknown,0,209,2025,Test
cyto_inv3_FALSE.,0,210,2025,Test
cyto_inv3_TRUE.,0,211,2025,Test
cyto_inv3_new,0,212,2025,Test
cyto_inv3_unknown,0,213,2025,Test
cyto_t_6_9_FALSE.,0,214,2025,Test
cyto_t_6_9_TRUE.,0,215,2025,Test
cyto_t_6_9_new,0,216,2025,Test
cyto_t_6_9_unknown,0,217,2025,Test
cyto_5_7_abn_FALSE.,0,218,2025,Test
cyto_5_7_abn_TRUE.,0,219,2025,Test
cyto_5_7_abn_new,0,220,2025,Test
cyto_5_7_abn_unknown,0,221,2025,Test
cyto_plus8_FALSE.,0,222,2025,Test
cyto_plus8_TRUE.,0,223,2025,Test
cyto_plus8_new,0,224,2025,Test
cyto_plus8_unknown,0,225,2025,Test
cyto_normal_FALSE.,0,226,2025,Test
cyto_normal_TRUE.,0,227,2025,Test
cyto_normal_new,0,228,2025,Test
cyto_normal_unknown,0,229,2025,Test
eln_clean_Intermediate,0,230,2025,Test
eln_clean_new,0,231,2025,Test
eln_clean_unknown,0,232,2025,Test
